currency_id,currency_code,rate_date,base_currency,usd_to_currency_rate,currency_to_usd_rate,source,created_at
1,JPY,2026-01-04,USD,23.971309,0.041717,synthetic_random,2026-03-04 17:18:45.627747+00:00
1,JPY,2026-01-05,USD,11.304129,0.088463,synthetic_random,2026-03-04 17:18:45.627774+00:00
1,JPY,2026-01-06,USD,67.945736,0.014718,synthetic_random,2026-03-04 17:18:45.627785+00:00
1,JPY,2026-01-07,USD,74.715133,0.013384,synthetic_random,2026-03-04 17:18:45.627793+00:00
1,JPY,2026-01-08,USD,3.132787,0.319205,synthetic_random,2026-03-04 17:18:45.627802+00:00
1,JPY,2026-01-09,USD,76.059122,0.013148,synthetic_random,2026-03-04 17:18:45.627811+00:00
1,JPY,2026-01-10,USD,28.944624,0.034549,synthetic_random,2026-03-04 17:18:45.627820+00:00
1,JPY,2026-01-11,USD,84.400461,0.011848,synthetic_random,2026-03-04 17:18:45.627829+00:00
1,JPY,2026-01-12,USD,149.583946,0.006685,synthetic_random,2026-03-04 17:18:45.627837+00:00
1,JPY,2026-01-13,USD,94.246405,0.01061,synthetic_random,2026-03-04 17:18:45.627845+00:00
1,JPY,2026-01-14,USD,28.366187,0.035253,synthetic_random,2026-03-04 17:18:45.627853+00:00
1,JPY,2026-01-15,USD,51.411247,0.019451,synthetic_random,2026-03-04 17:18:45.627862+00:00
1,JPY,2026-01-16,USD,70.119361,0.014261,synthetic_random,2026-03-04 17:18:45.627870+00:00
1,JPY,2026-01-17,USD,125.435315,0.007972,synthetic_random,2026-03-04 17:18:45.627878+00:00
1,JPY,2026-01-18,USD,53.682135,0.018628,synthetic_random,2026-03-04 17:18:45.627888+00:00
1,JPY,2026-01-19,USD,108.40208,0.009225,synthetic_random,2026-03-04 17:18:45.627896+00:00
1,JPY,2026-01-20,USD,130.016337,0.007691,synthetic_random,2026-03-04 17:18:45.627904+00:00
1,JPY,2026-01-21,USD,111.044492,0.009005,synthetic_random,2026-03-04 17:18:45.627912+00:00
1,JPY,2026-01-22,USD,8.699905,0.114944,synthetic_random,2026-03-04 17:18:45.627920+00:00
1,JPY,2026-01-23,USD,31.649315,0.031596,synthetic_random,2026-03-04 17:18:45.627928+00:00
1,JPY,2026-01-24,USD,95.287146,0.010495,synthetic_random,2026-03-04 17:18:45.627936+00:00
1,JPY,2026-01-25,USD,59.082789,0.016925,synthetic_random,2026-03-04 17:18:45.627944+00:00
1,JPY,2026-01-26,USD,20.542698,0.048679,synthetic_random,2026-03-04 17:18:45.627951+00:00
1,JPY,2026-01-27,USD,38.107944,0.026241,synthetic_random,2026-03-04 17:18:45.627959+00:00
1,JPY,2026-01-28,USD,51.82389,0.019296,synthetic_random,2026-03-04 17:18:45.627968+00:00
1,JPY,2026-01-29,USD,3.7207,0.268767,synthetic_random,2026-03-04 17:18:45.627976+00:00
1,JPY,2026-01-30,USD,85.816781,0.011653,synthetic_random,2026-03-04 17:18:45.627984+00:00
1,JPY,2026-01-31,USD,79.007476,0.012657,synthetic_random,2026-03-04 17:18:45.627992+00:00
1,JPY,2026-02-01,USD,9.455719,0.105756,synthetic_random,2026-03-04 17:18:45.628000+00:00
1,JPY,2026-02-02,USD,135.977242,0.007354,synthetic_random,2026-03-04 17:18:45.628007+00:00
1,JPY,2026-02-03,USD,97.534245,0.010253,synthetic_random,2026-03-04 17:18:45.628015+00:00
1,JPY,2026-02-04,USD,103.275894,0.009683,synthetic_random,2026-03-04 17:18:45.628023+00:00
1,JPY,2026-02-05,USD,131.312753,0.007615,synthetic_random,2026-03-04 17:18:45.628031+00:00
1,JPY,2026-02-06,USD,47.731209,0.020951,synthetic_random,2026-03-04 17:18:45.628038+00:00
1,JPY,2026-02-07,USD,36.344911,0.027514,synthetic_random,2026-03-04 17:18:45.628046+00:00
1,JPY,2026-02-08,USD,72.211564,0.013848,synthetic_random,2026-03-04 17:18:45.628054+00:00
1,JPY,2026-02-09,USD,74.845886,0.013361,synthetic_random,2026-03-04 17:18:45.628062+00:00
1,JPY,2026-02-10,USD,25.575433,0.0391,synthetic_random,2026-03-04 17:18:45.628069+00:00
1,JPY,2026-02-11,USD,105.987179,0.009435,synthetic_random,2026-03-04 17:18:45.628077+00:00
1,JPY,2026-02-12,USD,108.076908,0.009253,synthetic_random,2026-03-04 17:18:45.628085+00:00
1,JPY,2026-02-13,USD,144.639533,0.006914,synthetic_random,2026-03-04 17:18:45.628092+00:00
1,JPY,2026-02-14,USD,67.541419,0.014806,synthetic_random,2026-03-04 17:18:45.628100+00:00
1,JPY,2026-02-15,USD,29.64676,0.03373,synthetic_random,2026-03-04 17:18:45.628108+00:00
1,JPY,2026-02-16,USD,9.277625,0.107786,synthetic_random,2026-03-04 17:18:45.628116+00:00
1,JPY,2026-02-17,USD,23.875229,0.041884,synthetic_random,2026-03-04 17:18:45.628125+00:00
1,JPY,2026-02-18,USD,42.628872,0.023458,synthetic_random,2026-03-04 17:18:45.628132+00:00
1,JPY,2026-02-19,USD,114.9227,0.008702,synthetic_random,2026-03-04 17:18:45.628140+00:00
1,JPY,2026-02-20,USD,28.5172,0.035067,synthetic_random,2026-03-04 17:18:45.628148+00:00
1,JPY,2026-02-21,USD,62.509754,0.015998,synthetic_random,2026-03-04 17:18:45.628155+00:00
1,JPY,2026-02-22,USD,18.677507,0.05354,synthetic_random,2026-03-04 17:18:45.628163+00:00
1,JPY,2026-02-23,USD,78.194661,0.012789,synthetic_random,2026-03-04 17:18:45.628171+00:00
1,JPY,2026-02-24,USD,23.043058,0.043397,synthetic_random,2026-03-04 17:18:45.628179+00:00
1,JPY,2026-02-25,USD,16.925194,0.059084,synthetic_random,2026-03-04 17:18:45.628186+00:00
1,JPY,2026-02-26,USD,3.516503,0.284373,synthetic_random,2026-03-04 17:18:45.628194+00:00
1,JPY,2026-02-27,USD,126.37287,0.007913,synthetic_random,2026-03-04 17:18:45.628202+00:00
1,JPY,2026-02-28,USD,2.636064,0.379353,synthetic_random,2026-03-04 17:18:45.628210+00:00
1,JPY,2026-03-01,USD,40.529644,0.024673,synthetic_random,2026-03-04 17:18:45.628218+00:00
1,JPY,2026-03-02,USD,69.133465,0.014465,synthetic_random,2026-03-04 17:18:45.628226+00:00
1,JPY,2026-03-03,USD,86.986594,0.011496,synthetic_random,2026-03-04 17:18:45.628233+00:00
1,JPY,2026-03-04,USD,99.430227,0.010057,synthetic_random,2026-03-04 17:18:45.628241+00:00
2,GBP,2026-01-04,USD,27.345107,0.03657,synthetic_random,2026-03-04 17:18:45.628332+00:00
2,GBP,2026-01-05,USD,54.885511,0.01822,synthetic_random,2026-03-04 17:18:45.628346+00:00
2,GBP,2026-01-06,USD,49.498703,0.020203,synthetic_random,2026-03-04 17:18:45.628359+00:00
2,GBP,2026-01-07,USD,36.195601,0.027628,synthetic_random,2026-03-04 17:18:45.628368+00:00
2,GBP,2026-01-08,USD,109.806103,0.009107,synthetic_random,2026-03-04 17:18:45.628376+00:00
2,GBP,2026-01-09,USD,141.367356,0.007074,synthetic_random,2026-03-04 17:18:45.628384+00:00
2,GBP,2026-01-10,USD,51.351826,0.019474,synthetic_random,2026-03-04 17:18:45.628392+00:00
2,GBP,2026-01-11,USD,114.747273,0.008715,synthetic_random,2026-03-04 17:18:45.628400+00:00
2,GBP,2026-01-12,USD,36.569733,0.027345,synthetic_random,2026-03-04 17:18:45.628408+00:00
2,GBP,2026-01-13,USD,114.787817,0.008712,synthetic_random,2026-03-04 17:18:45.628415+00:00
2,GBP,2026-01-14,USD,42.122605,0.02374,synthetic_random,2026-03-04 17:18:45.628422+00:00
2,GBP,2026-01-15,USD,108.500421,0.009217,synthetic_random,2026-03-04 17:18:45.628430+00:00
2,GBP,2026-01-16,USD,113.997223,0.008772,synthetic_random,2026-03-04 17:18:45.628438+00:00
2,GBP,2026-01-17,USD,55.543387,0.018004,synthetic_random,2026-03-04 17:18:45.628445+00:00
2,GBP,2026-01-18,USD,19.885319,0.050288,synthetic_random,2026-03-04 17:18:45.628452+00:00
2,GBP,2026-01-19,USD,25.194202,0.039692,synthetic_random,2026-03-04 17:18:45.628460+00:00
2,GBP,2026-01-20,USD,131.978751,0.007577,synthetic_random,2026-03-04 17:18:45.628468+00:00
2,GBP,2026-01-21,USD,33.879275,0.029517,synthetic_random,2026-03-04 17:18:45.628476+00:00
2,GBP,2026-01-22,USD,81.724613,0.012236,synthetic_random,2026-03-04 17:18:45.628484+00:00
2,GBP,2026-01-23,USD,69.761458,0.014335,synthetic_random,2026-03-04 17:18:45.628505+00:00
2,GBP,2026-01-24,USD,63.855669,0.01566,synthetic_random,2026-03-04 17:18:45.628513+00:00
2,GBP,2026-01-25,USD,33.611968,0.029751,synthetic_random,2026-03-04 17:18:45.628521+00:00
2,GBP,2026-01-26,USD,109.193278,0.009158,synthetic_random,2026-03-04 17:18:45.628528+00:00
2,GBP,2026-01-27,USD,109.466081,0.009135,synthetic_random,2026-03-04 17:18:45.628536+00:00
2,GBP,2026-01-28,USD,67.182127,0.014885,synthetic_random,2026-03-04 17:18:45.628543+00:00
2,GBP,2026-01-29,USD,5.394106,0.185388,synthetic_random,2026-03-04 17:18:45.628551+00:00
2,GBP,2026-01-30,USD,101.332146,0.009869,synthetic_random,2026-03-04 17:18:45.628558+00:00
2,GBP,2026-01-31,USD,4.526214,0.220935,synthetic_random,2026-03-04 17:18:45.628566+00:00
2,GBP,2026-02-01,USD,6.35466,0.157365,synthetic_random,2026-03-04 17:18:45.628574+00:00
2,GBP,2026-02-02,USD,103.704382,0.009643,synthetic_random,2026-03-04 17:18:45.628582+00:00
2,GBP,2026-02-03,USD,12.619664,0.079241,synthetic_random,2026-03-04 17:18:45.628589+00:00
2,GBP,2026-02-04,USD,139.023421,0.007193,synthetic_random,2026-03-04 17:18:45.628596+00:00
2,GBP,2026-02-05,USD,31.531797,0.031714,synthetic_random,2026-03-04 17:18:45.628604+00:00
2,GBP,2026-02-06,USD,10.571548,0.094594,synthetic_random,2026-03-04 17:18:45.628612+00:00
2,GBP,2026-02-07,USD,132.236461,0.007562,synthetic_random,2026-03-04 17:18:45.628620+00:00
2,GBP,2026-02-08,USD,110.510477,0.009049,synthetic_random,2026-03-04 17:18:45.628628+00:00
2,GBP,2026-02-09,USD,44.174631,0.022637,synthetic_random,2026-03-04 17:18:45.628637+00:00
2,GBP,2026-02-10,USD,102.849492,0.009723,synthetic_random,2026-03-04 17:18:45.628644+00:00
2,GBP,2026-02-11,USD,13.672051,0.073142,synthetic_random,2026-03-04 17:18:45.628652+00:00
2,GBP,2026-02-12,USD,76.195426,0.013124,synthetic_random,2026-03-04 17:18:45.628659+00:00
2,GBP,2026-02-13,USD,146.800845,0.006812,synthetic_random,2026-03-04 17:18:45.628667+00:00
2,GBP,2026-02-14,USD,96.152838,0.0104,synthetic_random,2026-03-04 17:18:45.628675+00:00
2,GBP,2026-02-15,USD,114.103677,0.008764,synthetic_random,2026-03-04 17:18:45.628682+00:00
2,GBP,2026-02-16,USD,46.252285,0.021621,synthetic_random,2026-03-04 17:18:45.628690+00:00
2,GBP,2026-02-17,USD,41.265152,0.024234,synthetic_random,2026-03-04 17:18:45.628697+00:00
2,GBP,2026-02-18,USD,29.700872,0.033669,synthetic_random,2026-03-04 17:18:45.628705+00:00
2,GBP,2026-02-19,USD,30.299797,0.033004,synthetic_random,2026-03-04 17:18:45.628715+00:00
2,GBP,2026-02-20,USD,23.564361,0.042437,synthetic_random,2026-03-04 17:18:45.628728+00:00
2,GBP,2026-02-21,USD,9.950358,0.100499,synthetic_random,2026-03-04 17:18:45.628742+00:00
2,GBP,2026-02-22,USD,116.656482,0.008572,synthetic_random,2026-03-04 17:18:45.628755+00:00
2,GBP,2026-02-23,USD,136.060926,0.00735,synthetic_random,2026-03-04 17:18:45.628764+00:00
2,GBP,2026-02-24,USD,148.177545,0.006749,synthetic_random,2026-03-04 17:18:45.628772+00:00
2,GBP,2026-02-25,USD,128.788269,0.007765,synthetic_random,2026-03-04 17:18:45.628779+00:00
2,GBP,2026-02-26,USD,101.411188,0.009861,synthetic_random,2026-03-04 17:18:45.628787+00:00
2,GBP,2026-02-27,USD,57.699069,0.017331,synthetic_random,2026-03-04 17:18:45.628794+00:00
2,GBP,2026-02-28,USD,84.241372,0.011871,synthetic_random,2026-03-04 17:18:45.628802+00:00
2,GBP,2026-03-01,USD,26.765682,0.037361,synthetic_random,2026-03-04 17:18:45.628809+00:00
2,GBP,2026-03-02,USD,39.569674,0.025272,synthetic_random,2026-03-04 17:18:45.628817+00:00
2,GBP,2026-03-03,USD,22.86081,0.043743,synthetic_random,2026-03-04 17:18:45.628824+00:00
2,GBP,2026-03-04,USD,94.87149,0.010541,synthetic_random,2026-03-04 17:18:45.628832+00:00
3,ILS,2026-01-04,USD,77.896773,0.012838,synthetic_random,2026-03-04 17:18:45.628903+00:00
3,ILS,2026-01-05,USD,4.85448,0.205995,synthetic_random,2026-03-04 17:18:45.628912+00:00
3,ILS,2026-01-06,USD,82.987509,0.01205,synthetic_random,2026-03-04 17:18:45.628919+00:00
3,ILS,2026-01-07,USD,78.372964,0.01276,synthetic_random,2026-03-04 17:18:45.628927+00:00
3,ILS,2026-01-08,USD,148.348351,0.006741,synthetic_random,2026-03-04 17:18:45.628935+00:00
3,ILS,2026-01-09,USD,94.126342,0.010624,synthetic_random,2026-03-04 17:18:45.628942+00:00
3,ILS,2026-01-10,USD,54.647167,0.018299,synthetic_random,2026-03-04 17:18:45.628950+00:00
3,ILS,2026-01-11,USD,135.950982,0.007356,synthetic_random,2026-03-04 17:18:45.628957+00:00
3,ILS,2026-01-12,USD,42.140078,0.02373,synthetic_random,2026-03-04 17:18:45.628965+00:00
3,ILS,2026-01-13,USD,70.833388,0.014118,synthetic_random,2026-03-04 17:18:45.628973+00:00
3,ILS,2026-01-14,USD,60.740201,0.016464,synthetic_random,2026-03-04 17:18:45.628980+00:00
3,ILS,2026-01-15,USD,97.524487,0.010254,synthetic_random,2026-03-04 17:18:45.628987+00:00
3,ILS,2026-01-16,USD,140.041686,0.007141,synthetic_random,2026-03-04 17:18:45.628995+00:00
3,ILS,2026-01-17,USD,42.345123,0.023615,synthetic_random,2026-03-04 17:18:45.629002+00:00
3,ILS,2026-01-18,USD,52.446352,0.019067,synthetic_random,2026-03-04 17:18:45.629010+00:00
3,ILS,2026-01-19,USD,120.779459,0.00828,synthetic_random,2026-03-04 17:18:45.629017+00:00
3,ILS,2026-01-20,USD,81.751076,0.012232,synthetic_random,2026-03-04 17:18:45.629025+00:00
3,ILS,2026-01-21,USD,32.342824,0.030919,synthetic_random,2026-03-04 17:18:45.629032+00:00
3,ILS,2026-01-22,USD,39.367943,0.025401,synthetic_random,2026-03-04 17:18:45.629040+00:00
3,ILS,2026-01-23,USD,15.623187,0.064007,synthetic_random,2026-03-04 17:18:45.629056+00:00
3,ILS,2026-01-24,USD,137.733079,0.00726,synthetic_random,2026-03-04 17:18:45.629065+00:00
3,ILS,2026-01-25,USD,142.702326,0.007008,synthetic_random,2026-03-04 17:18:45.629073+00:00
3,ILS,2026-01-26,USD,110.229416,0.009072,synthetic_random,2026-03-04 17:18:45.629080+00:00
3,ILS,2026-01-27,USD,11.885374,0.084137,synthetic_random,2026-03-04 17:18:45.629095+00:00
3,ILS,2026-01-28,USD,145.654969,0.006866,synthetic_random,2026-03-04 17:18:45.629102+00:00
3,ILS,2026-01-29,USD,136.359242,0.007334,synthetic_random,2026-03-04 17:18:45.629110+00:00
3,ILS,2026-01-30,USD,35.483561,0.028182,synthetic_random,2026-03-04 17:18:45.629117+00:00
3,ILS,2026-01-31,USD,29.671328,0.033703,synthetic_random,2026-03-04 17:18:45.629125+00:00
3,ILS,2026-02-01,USD,55.207688,0.018113,synthetic_random,2026-03-04 17:18:45.629136+00:00
3,ILS,2026-02-02,USD,123.223311,0.008115,synthetic_random,2026-03-04 17:18:45.629152+00:00
3,ILS,2026-02-03,USD,18.54134,0.053934,synthetic_random,2026-03-04 17:18:45.629163+00:00
3,ILS,2026-02-04,USD,72.56392,0.013781,synthetic_random,2026-03-04 17:18:45.629175+00:00
3,ILS,2026-02-05,USD,129.851783,0.007701,synthetic_random,2026-03-04 17:18:45.629188+00:00
3,ILS,2026-02-06,USD,22.164182,0.045118,synthetic_random,2026-03-04 17:18:45.629200+00:00
3,ILS,2026-02-07,USD,41.58733,0.024046,synthetic_random,2026-03-04 17:18:45.629211+00:00
3,ILS,2026-02-08,USD,96.238397,0.010391,synthetic_random,2026-03-04 17:18:45.629222+00:00
3,ILS,2026-02-09,USD,111.120673,0.008999,synthetic_random,2026-03-04 17:18:45.629230+00:00
3,ILS,2026-02-10,USD,80.857786,0.012367,synthetic_random,2026-03-04 17:18:45.629237+00:00
3,ILS,2026-02-11,USD,60.849606,0.016434,synthetic_random,2026-03-04 17:18:45.629245+00:00
3,ILS,2026-02-12,USD,5.03592,0.198573,synthetic_random,2026-03-04 17:18:45.629252+00:00
3,ILS,2026-02-13,USD,83.632798,0.011957,synthetic_random,2026-03-04 17:18:45.629260+00:00
3,ILS,2026-02-14,USD,18.480601,0.054111,synthetic_random,2026-03-04 17:18:45.629267+00:00
3,ILS,2026-02-15,USD,38.847974,0.025741,synthetic_random,2026-03-04 17:18:45.629275+00:00
3,ILS,2026-02-16,USD,44.395611,0.022525,synthetic_random,2026-03-04 17:18:45.629282+00:00
3,ILS,2026-02-17,USD,7.103008,0.140785,synthetic_random,2026-03-04 17:18:45.629289+00:00
3,ILS,2026-02-18,USD,67.107286,0.014902,synthetic_random,2026-03-04 17:18:45.629297+00:00
3,ILS,2026-02-19,USD,125.753102,0.007952,synthetic_random,2026-03-04 17:18:45.629305+00:00
3,ILS,2026-02-20,USD,25.800133,0.038759,synthetic_random,2026-03-04 17:18:45.629312+00:00
3,ILS,2026-02-21,USD,102.010287,0.009803,synthetic_random,2026-03-04 17:18:45.629320+00:00
3,ILS,2026-02-22,USD,27.329835,0.03659,synthetic_random,2026-03-04 17:18:45.629327+00:00
3,ILS,2026-02-23,USD,103.703782,0.009643,synthetic_random,2026-03-04 17:18:45.629335+00:00
3,ILS,2026-02-24,USD,117.897688,0.008482,synthetic_random,2026-03-04 17:18:45.629342+00:00
3,ILS,2026-02-25,USD,44.977765,0.022233,synthetic_random,2026-03-04 17:18:45.629351+00:00
3,ILS,2026-02-26,USD,72.948824,0.013708,synthetic_random,2026-03-04 17:18:45.629360+00:00
3,ILS,2026-02-27,USD,2.916796,0.342842,synthetic_random,2026-03-04 17:18:45.629368+00:00
3,ILS,2026-02-28,USD,142.313489,0.007027,synthetic_random,2026-03-04 17:18:45.629375+00:00
3,ILS,2026-03-01,USD,6.010363,0.166379,synthetic_random,2026-03-04 17:18:45.629383+00:00
3,ILS,2026-03-02,USD,101.97226,0.009807,synthetic_random,2026-03-04 17:18:45.629390+00:00
3,ILS,2026-03-03,USD,44.788483,0.022327,synthetic_random,2026-03-04 17:18:45.629397+00:00
3,ILS,2026-03-04,USD,77.33055,0.012931,synthetic_random,2026-03-04 17:18:45.629405+00:00
4,AUD,2026-01-04,USD,70.63801,0.014157,synthetic_random,2026-03-04 17:18:45.629474+00:00
4,AUD,2026-01-05,USD,56.503003,0.017698,synthetic_random,2026-03-04 17:18:45.629483+00:00
4,AUD,2026-01-06,USD,142.086226,0.007038,synthetic_random,2026-03-04 17:18:45.629500+00:00
4,AUD,2026-01-07,USD,41.537431,0.024075,synthetic_random,2026-03-04 17:18:45.629508+00:00
4,AUD,2026-01-08,USD,141.571778,0.007064,synthetic_random,2026-03-04 17:18:45.629516+00:00
4,AUD,2026-01-09,USD,132.024488,0.007574,synthetic_random,2026-03-04 17:18:45.629523+00:00
4,AUD,2026-01-10,USD,87.213843,0.011466,synthetic_random,2026-03-04 17:18:45.629530+00:00
4,AUD,2026-01-11,USD,54.651708,0.018298,synthetic_random,2026-03-04 17:18:45.629538+00:00
4,AUD,2026-01-12,USD,53.664076,0.018634,synthetic_random,2026-03-04 17:18:45.629545+00:00
4,AUD,2026-01-13,USD,44.700597,0.022371,synthetic_random,2026-03-04 17:18:45.629553+00:00
4,AUD,2026-01-14,USD,72.211629,0.013848,synthetic_random,2026-03-04 17:18:45.629560+00:00
4,AUD,2026-01-15,USD,14.527451,0.068835,synthetic_random,2026-03-04 17:18:45.629568+00:00
4,AUD,2026-01-16,USD,8.440959,0.11847,synthetic_random,2026-03-04 17:18:45.629575+00:00
4,AUD,2026-01-17,USD,48.786434,0.020498,synthetic_random,2026-03-04 17:18:45.629582+00:00
4,AUD,2026-01-18,USD,26.579382,0.037623,synthetic_random,2026-03-04 17:18:45.629589+00:00
4,AUD,2026-01-19,USD,57.335692,0.017441,synthetic_random,2026-03-04 17:18:45.629597+00:00
4,AUD,2026-01-20,USD,144.020502,0.006943,synthetic_random,2026-03-04 17:18:45.629604+00:00
4,AUD,2026-01-21,USD,29.892792,0.033453,synthetic_random,2026-03-04 17:18:45.629612+00:00
4,AUD,2026-01-22,USD,147.206632,0.006793,synthetic_random,2026-03-04 17:18:45.629619+00:00
4,AUD,2026-01-23,USD,45.185551,0.022131,synthetic_random,2026-03-04 17:18:45.629626+00:00
4,AUD,2026-01-24,USD,63.390838,0.015775,synthetic_random,2026-03-04 17:18:45.629634+00:00
4,AUD,2026-01-25,USD,47.18312,0.021194,synthetic_random,2026-03-04 17:18:45.629642+00:00
4,AUD,2026-01-26,USD,107.566221,0.009297,synthetic_random,2026-03-04 17:18:45.629649+00:00
4,AUD,2026-01-27,USD,69.918626,0.014302,synthetic_random,2026-03-04 17:18:45.629657+00:00
4,AUD,2026-01-28,USD,131.574825,0.0076,synthetic_random,2026-03-04 17:18:45.629665+00:00
4,AUD,2026-01-29,USD,75.721637,0.013206,synthetic_random,2026-03-04 17:18:45.629673+00:00
4,AUD,2026-01-30,USD,49.222462,0.020316,synthetic_random,2026-03-04 17:18:45.629681+00:00
4,AUD,2026-01-31,USD,144.366332,0.006927,synthetic_random,2026-03-04 17:18:45.629688+00:00
4,AUD,2026-02-01,USD,145.413232,0.006877,synthetic_random,2026-03-04 17:18:45.629695+00:00
4,AUD,2026-02-02,USD,105.869265,0.009446,synthetic_random,2026-03-04 17:18:45.629703+00:00
4,AUD,2026-02-03,USD,18.947032,0.052779,synthetic_random,2026-03-04 17:18:45.629710+00:00
4,AUD,2026-02-04,USD,109.837801,0.009104,synthetic_random,2026-03-04 17:18:45.629717+00:00
4,AUD,2026-02-05,USD,72.514736,0.01379,synthetic_random,2026-03-04 17:18:45.629725+00:00
4,AUD,2026-02-06,USD,0.906343,1.103335,synthetic_random,2026-03-04 17:18:45.629733+00:00
4,AUD,2026-02-07,USD,87.771578,0.011393,synthetic_random,2026-03-04 17:18:45.629740+00:00
4,AUD,2026-02-08,USD,44.294002,0.022576,synthetic_random,2026-03-04 17:18:45.629747+00:00
4,AUD,2026-02-09,USD,70.241138,0.014237,synthetic_random,2026-03-04 17:18:45.629756+00:00
4,AUD,2026-02-10,USD,134.871903,0.007414,synthetic_random,2026-03-04 17:18:45.629763+00:00
4,AUD,2026-02-11,USD,20.522918,0.048726,synthetic_random,2026-03-04 17:18:45.629771+00:00
4,AUD,2026-02-12,USD,120.866736,0.008274,synthetic_random,2026-03-04 17:18:45.629778+00:00
4,AUD,2026-02-13,USD,134.533117,0.007433,synthetic_random,2026-03-04 17:18:45.629786+00:00
4,AUD,2026-02-14,USD,47.411582,0.021092,synthetic_random,2026-03-04 17:18:45.629793+00:00
4,AUD,2026-02-15,USD,98.878737,0.010113,synthetic_random,2026-03-04 17:18:45.629803+00:00
4,AUD,2026-02-16,USD,10.453721,0.09566,synthetic_random,2026-03-04 17:18:45.629815+00:00
4,AUD,2026-02-17,USD,14.845736,0.067359,synthetic_random,2026-03-04 17:18:45.629829+00:00
4,AUD,2026-02-18,USD,144.967369,0.006898,synthetic_random,2026-03-04 17:18:45.629842+00:00
4,AUD,2026-02-19,USD,96.673475,0.010344,synthetic_random,2026-03-04 17:18:45.629852+00:00
4,AUD,2026-02-20,USD,49.36124,0.020259,synthetic_random,2026-03-04 17:18:45.629859+00:00
4,AUD,2026-02-21,USD,117.415682,0.008517,synthetic_random,2026-03-04 17:18:45.629867+00:00
4,AUD,2026-02-22,USD,109.090153,0.009167,synthetic_random,2026-03-04 17:18:45.629874+00:00
4,AUD,2026-02-23,USD,52.924476,0.018895,synthetic_random,2026-03-04 17:18:45.629882+00:00
4,AUD,2026-02-24,USD,82.788264,0.012079,synthetic_random,2026-03-04 17:18:45.629889+00:00
4,AUD,2026-02-25,USD,134.072849,0.007459,synthetic_random,2026-03-04 17:18:45.629897+00:00
4,AUD,2026-02-26,USD,60.876569,0.016427,synthetic_random,2026-03-04 17:18:45.629906+00:00
4,AUD,2026-02-27,USD,27.976979,0.035744,synthetic_random,2026-03-04 17:18:45.629914+00:00
4,AUD,2026-02-28,USD,115.920708,0.008627,synthetic_random,2026-03-04 17:18:45.629921+00:00
4,AUD,2026-03-01,USD,113.385891,0.008819,synthetic_random,2026-03-04 17:18:45.629930+00:00
4,AUD,2026-03-02,USD,93.264039,0.010722,synthetic_random,2026-03-04 17:18:45.629938+00:00
4,AUD,2026-03-03,USD,116.174888,0.008608,synthetic_random,2026-03-04 17:18:45.629945+00:00
4,AUD,2026-03-04,USD,126.773883,0.007888,synthetic_random,2026-03-04 17:18:45.629952+00:00
5,CAD,2026-01-04,USD,70.650827,0.014154,synthetic_random,2026-03-04 17:18:45.630016+00:00
5,CAD,2026-01-05,USD,126.964037,0.007876,synthetic_random,2026-03-04 17:18:45.630024+00:00
5,CAD,2026-01-06,USD,119.79355,0.008348,synthetic_random,2026-03-04 17:18:45.630031+00:00
5,CAD,2026-01-07,USD,46.162442,0.021663,synthetic_random,2026-03-04 17:18:45.630039+00:00
5,CAD,2026-01-08,USD,56.842288,0.017593,synthetic_random,2026-03-04 17:18:45.630046+00:00
5,CAD,2026-01-09,USD,79.351601,0.012602,synthetic_random,2026-03-04 17:18:45.630069+00:00
5,CAD,2026-01-10,USD,61.877887,0.016161,synthetic_random,2026-03-04 17:18:45.630078+00:00
5,CAD,2026-01-11,USD,108.057328,0.009254,synthetic_random,2026-03-04 17:18:45.630086+00:00
5,CAD,2026-01-12,USD,34.226472,0.029217,synthetic_random,2026-03-04 17:18:45.630093+00:00
5,CAD,2026-01-13,USD,60.544219,0.016517,synthetic_random,2026-03-04 17:18:45.630101+00:00
5,CAD,2026-01-14,USD,50.812039,0.01968,synthetic_random,2026-03-04 17:18:45.630108+00:00
5,CAD,2026-01-15,USD,27.124777,0.036867,synthetic_random,2026-03-04 17:18:45.630115+00:00
5,CAD,2026-01-16,USD,8.794641,0.113706,synthetic_random,2026-03-04 17:18:45.630123+00:00
5,CAD,2026-01-17,USD,52.784998,0.018945,synthetic_random,2026-03-04 17:18:45.630154+00:00
5,CAD,2026-01-18,USD,92.267306,0.010838,synthetic_random,2026-03-04 17:18:45.630169+00:00
5,CAD,2026-01-19,USD,1.576402,0.634356,synthetic_random,2026-03-04 17:18:45.630176+00:00
5,CAD,2026-01-20,USD,41.333449,0.024193,synthetic_random,2026-03-04 17:18:45.630183+00:00
5,CAD,2026-01-21,USD,49.980698,0.020008,synthetic_random,2026-03-04 17:18:45.630191+00:00
5,CAD,2026-01-22,USD,44.196001,0.022626,synthetic_random,2026-03-04 17:18:45.630198+00:00
5,CAD,2026-01-23,USD,59.34962,0.016849,synthetic_random,2026-03-04 17:18:45.630205+00:00
5,CAD,2026-01-24,USD,120.19123,0.00832,synthetic_random,2026-03-04 17:18:45.630213+00:00
5,CAD,2026-01-25,USD,142.190029,0.007033,synthetic_random,2026-03-04 17:18:45.630220+00:00
5,CAD,2026-01-26,USD,108.630024,0.009206,synthetic_random,2026-03-04 17:18:45.630228+00:00
5,CAD,2026-01-27,USD,137.73758,0.00726,synthetic_random,2026-03-04 17:18:45.630235+00:00
5,CAD,2026-01-28,USD,110.307989,0.009066,synthetic_random,2026-03-04 17:18:45.630243+00:00
5,CAD,2026-01-29,USD,133.226002,0.007506,synthetic_random,2026-03-04 17:18:45.630250+00:00
5,CAD,2026-01-30,USD,120.847681,0.008275,synthetic_random,2026-03-04 17:18:45.630261+00:00
5,CAD,2026-01-31,USD,140.090547,0.007138,synthetic_random,2026-03-04 17:18:45.630269+00:00
5,CAD,2026-02-01,USD,146.500976,0.006826,synthetic_random,2026-03-04 17:18:45.630278+00:00
5,CAD,2026-02-02,USD,145.24309,0.006885,synthetic_random,2026-03-04 17:18:45.630286+00:00
5,CAD,2026-02-03,USD,126.687609,0.007893,synthetic_random,2026-03-04 17:18:45.630307+00:00
5,CAD,2026-02-04,USD,15.234367,0.065641,synthetic_random,2026-03-04 17:18:45.630333+00:00
5,CAD,2026-02-05,USD,1.013266,0.986908,synthetic_random,2026-03-04 17:18:45.630341+00:00
5,CAD,2026-02-06,USD,119.823199,0.008346,synthetic_random,2026-03-04 17:18:45.630349+00:00
5,CAD,2026-02-07,USD,60.28847,0.016587,synthetic_random,2026-03-04 17:18:45.630356+00:00
5,CAD,2026-02-08,USD,89.477086,0.011176,synthetic_random,2026-03-04 17:18:45.630363+00:00
5,CAD,2026-02-09,USD,70.42364,0.0142,synthetic_random,2026-03-04 17:18:45.630371+00:00
5,CAD,2026-02-10,USD,39.662019,0.025213,synthetic_random,2026-03-04 17:18:45.630378+00:00
5,CAD,2026-02-11,USD,10.792359,0.092658,synthetic_random,2026-03-04 17:18:45.630386+00:00
5,CAD,2026-02-12,USD,48.272754,0.020716,synthetic_random,2026-03-04 17:18:45.630393+00:00
5,CAD,2026-02-13,USD,66.978463,0.01493,synthetic_random,2026-03-04 17:18:45.630417+00:00
5,CAD,2026-02-14,USD,118.95576,0.008406,synthetic_random,2026-03-04 17:18:45.630425+00:00
5,CAD,2026-02-15,USD,6.270415,0.159479,synthetic_random,2026-03-04 17:18:45.630433+00:00
5,CAD,2026-02-16,USD,5.692063,0.175683,synthetic_random,2026-03-04 17:18:45.630440+00:00
5,CAD,2026-02-17,USD,53.883723,0.018558,synthetic_random,2026-03-04 17:18:45.630448+00:00
5,CAD,2026-02-18,USD,15.284247,0.065427,synthetic_random,2026-03-04 17:18:45.630455+00:00
5,CAD,2026-02-19,USD,57.726737,0.017323,synthetic_random,2026-03-04 17:18:45.630462+00:00
5,CAD,2026-02-20,USD,50.741277,0.019708,synthetic_random,2026-03-04 17:18:45.630470+00:00
5,CAD,2026-02-21,USD,81.123756,0.012327,synthetic_random,2026-03-04 17:18:45.630477+00:00
5,CAD,2026-02-22,USD,99.473414,0.010053,synthetic_random,2026-03-04 17:18:45.630512+00:00
5,CAD,2026-02-23,USD,62.181471,0.016082,synthetic_random,2026-03-04 17:18:45.630526+00:00
5,CAD,2026-02-24,USD,139.164021,0.007186,synthetic_random,2026-03-04 17:18:45.630537+00:00
5,CAD,2026-02-25,USD,136.936878,0.007303,synthetic_random,2026-03-04 17:18:45.630549+00:00
5,CAD,2026-02-26,USD,65.524941,0.015261,synthetic_random,2026-03-04 17:18:45.630560+00:00
5,CAD,2026-02-27,USD,68.154053,0.014673,synthetic_random,2026-03-04 17:18:45.630568+00:00
5,CAD,2026-02-28,USD,124.265876,0.008047,synthetic_random,2026-03-04 17:18:45.630576+00:00
5,CAD,2026-03-01,USD,110.789104,0.009026,synthetic_random,2026-03-04 17:18:45.630583+00:00
5,CAD,2026-03-02,USD,149.527681,0.006688,synthetic_random,2026-03-04 17:18:45.630591+00:00
5,CAD,2026-03-03,USD,57.859012,0.017283,synthetic_random,2026-03-04 17:18:45.630598+00:00
5,CAD,2026-03-04,USD,0.972083,1.028719,synthetic_random,2026-03-04 17:18:45.630606+00:00
6,CHF,2026-01-04,USD,114.989591,0.008696,synthetic_random,2026-03-04 17:18:45.630689+00:00
6,CHF,2026-01-05,USD,41.220073,0.02426,synthetic_random,2026-03-04 17:18:45.630697+00:00
6,CHF,2026-01-06,USD,148.123899,0.006751,synthetic_random,2026-03-04 17:18:45.630705+00:00
6,CHF,2026-01-07,USD,112.864472,0.00886,synthetic_random,2026-03-04 17:18:45.630712+00:00
6,CHF,2026-01-08,USD,149.369029,0.006695,synthetic_random,2026-03-04 17:18:45.630720+00:00
6,CHF,2026-01-09,USD,67.113415,0.0149,synthetic_random,2026-03-04 17:18:45.630727+00:00
6,CHF,2026-01-10,USD,5.883284,0.169973,synthetic_random,2026-03-04 17:18:45.630735+00:00
6,CHF,2026-01-11,USD,65.194118,0.015339,synthetic_random,2026-03-04 17:18:45.630751+00:00
6,CHF,2026-01-12,USD,12.559145,0.079623,synthetic_random,2026-03-04 17:18:45.630759+00:00
6,CHF,2026-01-13,USD,132.088807,0.007571,synthetic_random,2026-03-04 17:18:45.630769+00:00
6,CHF,2026-01-14,USD,58.782513,0.017012,synthetic_random,2026-03-04 17:18:45.630777+00:00
6,CHF,2026-01-15,USD,27.913216,0.035825,synthetic_random,2026-03-04 17:18:45.630784+00:00
6,CHF,2026-01-16,USD,133.389048,0.007497,synthetic_random,2026-03-04 17:18:45.630793+00:00
6,CHF,2026-01-17,USD,91.661889,0.01091,synthetic_random,2026-03-04 17:18:45.630800+00:00
6,CHF,2026-01-18,USD,11.960675,0.083607,synthetic_random,2026-03-04 17:18:45.630808+00:00
6,CHF,2026-01-19,USD,115.023135,0.008694,synthetic_random,2026-03-04 17:18:45.630815+00:00
6,CHF,2026-01-20,USD,48.636131,0.020561,synthetic_random,2026-03-04 17:18:45.630822+00:00
6,CHF,2026-01-21,USD,101.859169,0.009817,synthetic_random,2026-03-04 17:18:45.630830+00:00
6,CHF,2026-01-22,USD,147.76872,0.006767,synthetic_random,2026-03-04 17:18:45.630838+00:00
6,CHF,2026-01-23,USD,5.68475,0.175909,synthetic_random,2026-03-04 17:18:45.630845+00:00
6,CHF,2026-01-24,USD,42.116945,0.023743,synthetic_random,2026-03-04 17:18:45.630853+00:00
6,CHF,2026-01-25,USD,19.537518,0.051184,synthetic_random,2026-03-04 17:18:45.630860+00:00
6,CHF,2026-01-26,USD,37.059804,0.026983,synthetic_random,2026-03-04 17:18:45.630867+00:00
6,CHF,2026-01-27,USD,131.498846,0.007605,synthetic_random,2026-03-04 17:18:45.630875+00:00
6,CHF,2026-01-28,USD,107.875353,0.00927,synthetic_random,2026-03-04 17:18:45.630882+00:00
6,CHF,2026-01-29,USD,120.775538,0.00828,synthetic_random,2026-03-04 17:18:45.630899+00:00
6,CHF,2026-01-30,USD,97.999227,0.010204,synthetic_random,2026-03-04 17:18:45.630911+00:00
6,CHF,2026-01-31,USD,108.868125,0.009185,synthetic_random,2026-03-04 17:18:45.630923+00:00
6,CHF,2026-02-01,USD,137.215819,0.007288,synthetic_random,2026-03-04 17:18:45.630935+00:00
6,CHF,2026-02-02,USD,101.025174,0.009899,synthetic_random,2026-03-04 17:18:45.630943+00:00
6,CHF,2026-02-03,USD,2.088342,0.478849,synthetic_random,2026-03-04 17:18:45.630951+00:00
6,CHF,2026-02-04,USD,34.904523,0.02865,synthetic_random,2026-03-04 17:18:45.630958+00:00
6,CHF,2026-02-05,USD,21.327637,0.046888,synthetic_random,2026-03-04 17:18:45.630967+00:00
6,CHF,2026-02-06,USD,26.816767,0.03729,synthetic_random,2026-03-04 17:18:45.630975+00:00
6,CHF,2026-02-07,USD,40.557979,0.024656,synthetic_random,2026-03-04 17:18:45.630982+00:00
6,CHF,2026-02-08,USD,137.330609,0.007282,synthetic_random,2026-03-04 17:18:45.630990+00:00
6,CHF,2026-02-09,USD,4.465283,0.22395,synthetic_random,2026-03-04 17:18:45.630997+00:00
6,CHF,2026-02-10,USD,15.220479,0.065701,synthetic_random,2026-03-04 17:18:45.631005+00:00
6,CHF,2026-02-11,USD,50.571961,0.019774,synthetic_random,2026-03-04 17:18:45.631012+00:00
6,CHF,2026-02-12,USD,107.126025,0.009335,synthetic_random,2026-03-04 17:18:45.631019+00:00
6,CHF,2026-02-13,USD,1.79175,0.558114,synthetic_random,2026-03-04 17:18:45.631027+00:00
6,CHF,2026-02-14,USD,43.91484,0.022771,synthetic_random,2026-03-04 17:18:45.631329+00:00
6,CHF,2026-02-15,USD,115.711788,0.008642,synthetic_random,2026-03-04 17:18:45.631400+00:00
6,CHF,2026-02-16,USD,5.365515,0.186375,synthetic_random,2026-03-04 17:18:45.631420+00:00
6,CHF,2026-02-17,USD,129.115933,0.007745,synthetic_random,2026-03-04 17:18:45.631465+00:00
6,CHF,2026-02-18,USD,69.892372,0.014308,synthetic_random,2026-03-04 17:18:45.631481+00:00
6,CHF,2026-02-19,USD,89.221798,0.011208,synthetic_random,2026-03-04 17:18:45.631495+00:00
6,CHF,2026-02-20,USD,139.133408,0.007187,synthetic_random,2026-03-04 17:18:45.631509+00:00
6,CHF,2026-02-21,USD,64.562501,0.015489,synthetic_random,2026-03-04 17:18:45.631517+00:00
6,CHF,2026-02-22,USD,79.757461,0.012538,synthetic_random,2026-03-04 17:18:45.631525+00:00
6,CHF,2026-02-23,USD,15.869532,0.063014,synthetic_random,2026-03-04 17:18:45.631532+00:00
6,CHF,2026-02-24,USD,143.835737,0.006952,synthetic_random,2026-03-04 17:18:45.631541+00:00
6,CHF,2026-02-25,USD,75.416517,0.01326,synthetic_random,2026-03-04 17:18:45.631549+00:00
6,CHF,2026-02-26,USD,122.042613,0.008194,synthetic_random,2026-03-04 17:18:45.631565+00:00
6,CHF,2026-02-27,USD,126.322908,0.007916,synthetic_random,2026-03-04 17:18:45.631577+00:00
6,CHF,2026-02-28,USD,18.848002,0.053056,synthetic_random,2026-03-04 17:18:45.631589+00:00
6,CHF,2026-03-01,USD,3.377633,0.296065,synthetic_random,2026-03-04 17:18:45.631601+00:00
6,CHF,2026-03-02,USD,71.178662,0.014049,synthetic_random,2026-03-04 17:18:45.631614+00:00
6,CHF,2026-03-03,USD,50.180356,0.019928,synthetic_random,2026-03-04 17:18:45.631625+00:00
6,CHF,2026-03-04,USD,112.816909,0.008864,synthetic_random,2026-03-04 17:18:45.631637+00:00
7,CNY,2026-01-04,USD,69.423565,0.014404,synthetic_random,2026-03-04 17:18:45.631726+00:00
7,CNY,2026-01-05,USD,24.320411,0.041118,synthetic_random,2026-03-04 17:18:45.631735+00:00
7,CNY,2026-01-06,USD,141.351493,0.007075,synthetic_random,2026-03-04 17:18:45.631753+00:00
7,CNY,2026-01-07,USD,119.634549,0.008359,synthetic_random,2026-03-04 17:18:45.631761+00:00
7,CNY,2026-01-08,USD,34.813622,0.028724,synthetic_random,2026-03-04 17:18:45.631770+00:00
7,CNY,2026-01-09,USD,133.986419,0.007463,synthetic_random,2026-03-04 17:18:45.631778+00:00
7,CNY,2026-01-10,USD,58.178625,0.017188,synthetic_random,2026-03-04 17:18:45.631785+00:00
7,CNY,2026-01-11,USD,42.904739,0.023307,synthetic_random,2026-03-04 17:18:45.631793+00:00
7,CNY,2026-01-12,USD,91.799579,0.010893,synthetic_random,2026-03-04 17:18:45.631800+00:00
7,CNY,2026-01-13,USD,57.718293,0.017326,synthetic_random,2026-03-04 17:18:45.631808+00:00
7,CNY,2026-01-14,USD,117.634972,0.008501,synthetic_random,2026-03-04 17:18:45.631817+00:00
7,CNY,2026-01-15,USD,96.093895,0.010406,synthetic_random,2026-03-04 17:18:45.631824+00:00
7,CNY,2026-01-16,USD,114.382453,0.008743,synthetic_random,2026-03-04 17:18:45.631832+00:00
7,CNY,2026-01-17,USD,18.839053,0.053081,synthetic_random,2026-03-04 17:18:45.631839+00:00
7,CNY,2026-01-18,USD,103.187817,0.009691,synthetic_random,2026-03-04 17:18:45.631847+00:00
7,CNY,2026-01-19,USD,15.328423,0.065238,synthetic_random,2026-03-04 17:18:45.631855+00:00
7,CNY,2026-01-20,USD,60.512356,0.016526,synthetic_random,2026-03-04 17:18:45.631862+00:00
7,CNY,2026-01-21,USD,110.556158,0.009045,synthetic_random,2026-03-04 17:18:45.631870+00:00
7,CNY,2026-01-22,USD,14.94773,0.0669,synthetic_random,2026-03-04 17:18:45.631877+00:00
7,CNY,2026-01-23,USD,30.654789,0.032621,synthetic_random,2026-03-04 17:18:45.631885+00:00
7,CNY,2026-01-24,USD,23.048449,0.043387,synthetic_random,2026-03-04 17:18:45.631897+00:00
7,CNY,2026-01-25,USD,112.708425,0.008872,synthetic_random,2026-03-04 17:18:45.631904+00:00
7,CNY,2026-01-26,USD,149.402957,0.006693,synthetic_random,2026-03-04 17:18:45.631912+00:00
7,CNY,2026-01-27,USD,81.94831,0.012203,synthetic_random,2026-03-04 17:18:45.631919+00:00
7,CNY,2026-01-28,USD,4.420893,0.226199,synthetic_random,2026-03-04 17:18:45.631926+00:00
7,CNY,2026-01-29,USD,25.625248,0.039024,synthetic_random,2026-03-04 17:18:45.631934+00:00
7,CNY,2026-01-30,USD,1.483303,0.674171,synthetic_random,2026-03-04 17:18:45.631941+00:00
7,CNY,2026-01-31,USD,111.530832,0.008966,synthetic_random,2026-03-04 17:18:45.631949+00:00
7,CNY,2026-02-01,USD,104.328049,0.009585,synthetic_random,2026-03-04 17:18:45.631956+00:00
7,CNY,2026-02-02,USD,132.557968,0.007544,synthetic_random,2026-03-04 17:18:45.631963+00:00
7,CNY,2026-02-03,USD,88.833629,0.011257,synthetic_random,2026-03-04 17:18:45.631971+00:00
7,CNY,2026-02-04,USD,62.362052,0.016035,synthetic_random,2026-03-04 17:18:45.631978+00:00
7,CNY,2026-02-05,USD,113.933818,0.008777,synthetic_random,2026-03-04 17:18:45.631986+00:00
7,CNY,2026-02-06,USD,128.684756,0.007771,synthetic_random,2026-03-04 17:18:45.631993+00:00
7,CNY,2026-02-07,USD,68.873035,0.014519,synthetic_random,2026-03-04 17:18:45.632000+00:00
7,CNY,2026-02-08,USD,143.813391,0.006953,synthetic_random,2026-03-04 17:18:45.632013+00:00
7,CNY,2026-02-09,USD,79.268148,0.012615,synthetic_random,2026-03-04 17:18:45.632021+00:00
7,CNY,2026-02-10,USD,133.067738,0.007515,synthetic_random,2026-03-04 17:18:45.632029+00:00
7,CNY,2026-02-11,USD,73.942006,0.013524,synthetic_random,2026-03-04 17:18:45.632039+00:00
7,CNY,2026-02-12,USD,18.506959,0.054034,synthetic_random,2026-03-04 17:18:45.632054+00:00
7,CNY,2026-02-13,USD,79.576337,0.012567,synthetic_random,2026-03-04 17:18:45.632062+00:00
7,CNY,2026-02-14,USD,32.644804,0.030633,synthetic_random,2026-03-04 17:18:45.632072+00:00
7,CNY,2026-02-15,USD,111.000464,0.009009,synthetic_random,2026-03-04 17:18:45.632080+00:00
7,CNY,2026-02-16,USD,63.865391,0.015658,synthetic_random,2026-03-04 17:18:45.632087+00:00
7,CNY,2026-02-17,USD,47.990189,0.020838,synthetic_random,2026-03-04 17:18:45.632095+00:00
7,CNY,2026-02-18,USD,126.986902,0.007875,synthetic_random,2026-03-04 17:18:45.632102+00:00
7,CNY,2026-02-19,USD,84.309831,0.011861,synthetic_random,2026-03-04 17:18:45.632109+00:00
7,CNY,2026-02-20,USD,145.146421,0.00689,synthetic_random,2026-03-04 17:18:45.632117+00:00
7,CNY,2026-02-21,USD,107.082496,0.009339,synthetic_random,2026-03-04 17:18:45.632124+00:00
7,CNY,2026-02-22,USD,122.811248,0.008143,synthetic_random,2026-03-04 17:18:45.632132+00:00
7,CNY,2026-02-23,USD,128.735658,0.007768,synthetic_random,2026-03-04 17:18:45.632140+00:00
7,CNY,2026-02-24,USD,70.728202,0.014139,synthetic_random,2026-03-04 17:18:45.632148+00:00
7,CNY,2026-02-25,USD,113.6844,0.008796,synthetic_random,2026-03-04 17:18:45.632156+00:00
7,CNY,2026-02-26,USD,101.188615,0.009883,synthetic_random,2026-03-04 17:18:45.632163+00:00
7,CNY,2026-02-27,USD,133.810755,0.007473,synthetic_random,2026-03-04 17:18:45.632171+00:00
7,CNY,2026-02-28,USD,127.191066,0.007862,synthetic_random,2026-03-04 17:18:45.632178+00:00
7,CNY,2026-03-01,USD,85.78398,0.011657,synthetic_random,2026-03-04 17:18:45.632186+00:00
7,CNY,2026-03-02,USD,65.9094,0.015172,synthetic_random,2026-03-04 17:18:45.632197+00:00
7,CNY,2026-03-03,USD,88.124264,0.011348,synthetic_random,2026-03-04 17:18:45.632204+00:00
7,CNY,2026-03-04,USD,123.345756,0.008107,synthetic_random,2026-03-04 17:18:45.632212+00:00
8,HKD,2026-01-04,USD,94.135102,0.010623,synthetic_random,2026-03-04 17:18:45.632292+00:00
8,HKD,2026-01-05,USD,130.666637,0.007653,synthetic_random,2026-03-04 17:18:45.632307+00:00
8,HKD,2026-01-06,USD,34.790463,0.028744,synthetic_random,2026-03-04 17:18:45.632319+00:00
8,HKD,2026-01-07,USD,131.326764,0.007615,synthetic_random,2026-03-04 17:18:45.632331+00:00
8,HKD,2026-01-08,USD,124.776496,0.008014,synthetic_random,2026-03-04 17:18:45.632342+00:00
8,HKD,2026-01-09,USD,8.442877,0.118443,synthetic_random,2026-03-04 17:18:45.632352+00:00
8,HKD,2026-01-10,USD,20.643718,0.048441,synthetic_random,2026-03-04 17:18:45.632359+00:00
8,HKD,2026-01-11,USD,35.960987,0.027808,synthetic_random,2026-03-04 17:18:45.632366+00:00
8,HKD,2026-01-12,USD,36.938012,0.027072,synthetic_random,2026-03-04 17:18:45.632376+00:00
8,HKD,2026-01-13,USD,60.546474,0.016516,synthetic_random,2026-03-04 17:18:45.632383+00:00
8,HKD,2026-01-14,USD,16.289613,0.061389,synthetic_random,2026-03-04 17:18:45.632391+00:00
8,HKD,2026-01-15,USD,124.217716,0.00805,synthetic_random,2026-03-04 17:18:45.632406+00:00
8,HKD,2026-01-16,USD,36.280757,0.027563,synthetic_random,2026-03-04 17:18:45.632414+00:00
8,HKD,2026-01-17,USD,130.273488,0.007676,synthetic_random,2026-03-04 17:18:45.632421+00:00
8,HKD,2026-01-18,USD,96.808917,0.01033,synthetic_random,2026-03-04 17:18:45.632429+00:00
8,HKD,2026-01-19,USD,75.51357,0.013243,synthetic_random,2026-03-04 17:18:45.632444+00:00
8,HKD,2026-01-20,USD,67.132342,0.014896,synthetic_random,2026-03-04 17:18:45.632451+00:00
8,HKD,2026-01-21,USD,105.914795,0.009442,synthetic_random,2026-03-04 17:18:45.632460+00:00
8,HKD,2026-01-22,USD,149.340783,0.006696,synthetic_random,2026-03-04 17:18:45.632478+00:00
8,HKD,2026-01-23,USD,147.39121,0.006785,synthetic_random,2026-03-04 17:18:45.632490+00:00
8,HKD,2026-01-24,USD,102.164121,0.009788,synthetic_random,2026-03-04 17:18:45.632502+00:00
8,HKD,2026-01-25,USD,18.593909,0.053781,synthetic_random,2026-03-04 17:18:45.632514+00:00
8,HKD,2026-01-26,USD,93.176597,0.010732,synthetic_random,2026-03-04 17:18:45.632526+00:00
8,HKD,2026-01-27,USD,42.2519,0.023668,synthetic_random,2026-03-04 17:18:45.632538+00:00
8,HKD,2026-01-28,USD,2.76226,0.362022,synthetic_random,2026-03-04 17:18:45.632549+00:00
8,HKD,2026-01-29,USD,137.942477,0.007249,synthetic_random,2026-03-04 17:18:45.632556+00:00
8,HKD,2026-01-30,USD,91.367912,0.010945,synthetic_random,2026-03-04 17:18:45.632564+00:00
8,HKD,2026-01-31,USD,144.453416,0.006923,synthetic_random,2026-03-04 17:18:45.632571+00:00
8,HKD,2026-02-01,USD,107.987017,0.00926,synthetic_random,2026-03-04 17:18:45.632579+00:00
8,HKD,2026-02-02,USD,23.650357,0.042283,synthetic_random,2026-03-04 17:18:45.632586+00:00
8,HKD,2026-02-03,USD,100.311269,0.009969,synthetic_random,2026-03-04 17:18:45.632593+00:00
8,HKD,2026-02-04,USD,137.665552,0.007264,synthetic_random,2026-03-04 17:18:45.632600+00:00
8,HKD,2026-02-05,USD,70.871675,0.01411,synthetic_random,2026-03-04 17:18:45.632608+00:00
8,HKD,2026-02-06,USD,27.354635,0.036557,synthetic_random,2026-03-04 17:18:45.632621+00:00
8,HKD,2026-02-07,USD,108.169456,0.009245,synthetic_random,2026-03-04 17:18:45.632629+00:00
8,HKD,2026-02-08,USD,106.762737,0.009367,synthetic_random,2026-03-04 17:18:45.632636+00:00
8,HKD,2026-02-09,USD,43.289667,0.0231,synthetic_random,2026-03-04 17:18:45.632643+00:00
8,HKD,2026-02-10,USD,99.111108,0.01009,synthetic_random,2026-03-04 17:18:45.632653+00:00
8,HKD,2026-02-11,USD,41.054505,0.024358,synthetic_random,2026-03-04 17:18:45.632661+00:00
8,HKD,2026-02-12,USD,64.620152,0.015475,synthetic_random,2026-03-04 17:18:45.632668+00:00
8,HKD,2026-02-13,USD,66.357946,0.01507,synthetic_random,2026-03-04 17:18:45.632676+00:00
8,HKD,2026-02-14,USD,37.747921,0.026492,synthetic_random,2026-03-04 17:18:45.632684+00:00
8,HKD,2026-02-15,USD,61.966876,0.016138,synthetic_random,2026-03-04 17:18:45.632691+00:00
8,HKD,2026-02-16,USD,62.174788,0.016084,synthetic_random,2026-03-04 17:18:45.632698+00:00
8,HKD,2026-02-17,USD,91.873125,0.010885,synthetic_random,2026-03-04 17:18:45.632705+00:00
8,HKD,2026-02-18,USD,62.777638,0.015929,synthetic_random,2026-03-04 17:18:45.632713+00:00
8,HKD,2026-02-19,USD,45.6761,0.021893,synthetic_random,2026-03-04 17:18:45.632722+00:00
8,HKD,2026-02-20,USD,32.084075,0.031168,synthetic_random,2026-03-04 17:18:45.632735+00:00
8,HKD,2026-02-21,USD,70.109847,0.014263,synthetic_random,2026-03-04 17:18:45.632747+00:00
8,HKD,2026-02-22,USD,99.00067,0.010101,synthetic_random,2026-03-04 17:18:45.632760+00:00
8,HKD,2026-02-23,USD,132.738153,0.007534,synthetic_random,2026-03-04 17:18:45.632772+00:00
8,HKD,2026-02-24,USD,70.217945,0.014241,synthetic_random,2026-03-04 17:18:45.632784+00:00
8,HKD,2026-02-25,USD,64.098869,0.015601,synthetic_random,2026-03-04 17:18:45.632803+00:00
8,HKD,2026-02-26,USD,38.793184,0.025778,synthetic_random,2026-03-04 17:18:45.632812+00:00
8,HKD,2026-02-27,USD,66.972457,0.014932,synthetic_random,2026-03-04 17:18:45.632819+00:00
8,HKD,2026-02-28,USD,140.040201,0.007141,synthetic_random,2026-03-04 17:18:45.632828+00:00
8,HKD,2026-03-01,USD,107.392618,0.009312,synthetic_random,2026-03-04 17:18:45.632836+00:00
8,HKD,2026-03-02,USD,79.8231,0.012528,synthetic_random,2026-03-04 17:18:45.632843+00:00
8,HKD,2026-03-03,USD,130.571125,0.007659,synthetic_random,2026-03-04 17:18:45.632851+00:00
8,HKD,2026-03-04,USD,104.129161,0.009603,synthetic_random,2026-03-04 17:18:45.632859+00:00
9,SGD,2026-01-04,USD,63.954369,0.015636,synthetic_random,2026-03-04 17:18:45.633071+00:00
9,SGD,2026-01-05,USD,72.653564,0.013764,synthetic_random,2026-03-04 17:18:45.633124+00:00
9,SGD,2026-01-06,USD,74.820323,0.013365,synthetic_random,2026-03-04 17:18:45.633137+00:00
9,SGD,2026-01-07,USD,149.135575,0.006705,synthetic_random,2026-03-04 17:18:45.633147+00:00
9,SGD,2026-01-08,USD,139.946157,0.007146,synthetic_random,2026-03-04 17:18:45.633155+00:00
9,SGD,2026-01-09,USD,41.439685,0.024131,synthetic_random,2026-03-04 17:18:45.633165+00:00
9,SGD,2026-01-10,USD,98.067828,0.010197,synthetic_random,2026-03-04 17:18:45.633173+00:00
9,SGD,2026-01-11,USD,50.346373,0.019862,synthetic_random,2026-03-04 17:18:45.633182+00:00
9,SGD,2026-01-12,USD,66.789116,0.014972,synthetic_random,2026-03-04 17:18:45.633190+00:00
9,SGD,2026-01-13,USD,120.052705,0.00833,synthetic_random,2026-03-04 17:18:45.633198+00:00
9,SGD,2026-01-14,USD,132.052864,0.007573,synthetic_random,2026-03-04 17:18:45.633213+00:00
9,SGD,2026-01-15,USD,91.785823,0.010895,synthetic_random,2026-03-04 17:18:45.633222+00:00
9,SGD,2026-01-16,USD,85.920663,0.011639,synthetic_random,2026-03-04 17:18:45.633234+00:00
9,SGD,2026-01-17,USD,54.651274,0.018298,synthetic_random,2026-03-04 17:18:45.633242+00:00
9,SGD,2026-01-18,USD,131.726977,0.007591,synthetic_random,2026-03-04 17:18:45.633250+00:00
9,SGD,2026-01-19,USD,146.680709,0.006818,synthetic_random,2026-03-04 17:18:45.633263+00:00
9,SGD,2026-01-20,USD,42.189357,0.023703,synthetic_random,2026-03-04 17:18:45.633271+00:00
9,SGD,2026-01-21,USD,19.165914,0.052176,synthetic_random,2026-03-04 17:18:45.633279+00:00
9,SGD,2026-01-22,USD,10.868614,0.092008,synthetic_random,2026-03-04 17:18:45.633286+00:00
9,SGD,2026-01-23,USD,45.177108,0.022135,synthetic_random,2026-03-04 17:18:45.633299+00:00
9,SGD,2026-01-24,USD,97.159985,0.010292,synthetic_random,2026-03-04 17:18:45.633306+00:00
9,SGD,2026-01-25,USD,147.364878,0.006786,synthetic_random,2026-03-04 17:18:45.633314+00:00
9,SGD,2026-01-26,USD,29.86704,0.033482,synthetic_random,2026-03-04 17:18:45.633323+00:00
9,SGD,2026-01-27,USD,137.393967,0.007278,synthetic_random,2026-03-04 17:18:45.633331+00:00
9,SGD,2026-01-28,USD,64.830948,0.015425,synthetic_random,2026-03-04 17:18:45.633338+00:00
9,SGD,2026-01-29,USD,136.400017,0.007331,synthetic_random,2026-03-04 17:18:45.633346+00:00
9,SGD,2026-01-30,USD,141.666109,0.007059,synthetic_random,2026-03-04 17:18:45.633354+00:00
9,SGD,2026-01-31,USD,113.567586,0.008805,synthetic_random,2026-03-04 17:18:45.633361+00:00
9,SGD,2026-02-01,USD,93.006726,0.010752,synthetic_random,2026-03-04 17:18:45.633381+00:00
9,SGD,2026-02-02,USD,77.432484,0.012914,synthetic_random,2026-03-04 17:18:45.633395+00:00
9,SGD,2026-02-03,USD,50.861745,0.019661,synthetic_random,2026-03-04 17:18:45.633406+00:00
9,SGD,2026-02-04,USD,54.566719,0.018326,synthetic_random,2026-03-04 17:18:45.633417+00:00
9,SGD,2026-02-05,USD,26.830884,0.03727,synthetic_random,2026-03-04 17:18:45.633427+00:00
9,SGD,2026-02-06,USD,32.584636,0.030689,synthetic_random,2026-03-04 17:18:45.633441+00:00
9,SGD,2026-02-07,USD,62.390325,0.016028,synthetic_random,2026-03-04 17:18:45.633452+00:00
9,SGD,2026-02-08,USD,37.998876,0.026317,synthetic_random,2026-03-04 17:18:45.633462+00:00
9,SGD,2026-02-09,USD,85.326225,0.01172,synthetic_random,2026-03-04 17:18:45.633473+00:00
9,SGD,2026-02-10,USD,34.506937,0.02898,synthetic_random,2026-03-04 17:18:45.633487+00:00
9,SGD,2026-02-11,USD,2.14096,0.46708,synthetic_random,2026-03-04 17:18:45.633498+00:00
9,SGD,2026-02-12,USD,93.667678,0.010676,synthetic_random,2026-03-04 17:18:45.633506+00:00
9,SGD,2026-02-13,USD,66.489309,0.01504,synthetic_random,2026-03-04 17:18:45.633514+00:00
9,SGD,2026-02-14,USD,84.532093,0.01183,synthetic_random,2026-03-04 17:18:45.633523+00:00
9,SGD,2026-02-15,USD,41.704214,0.023978,synthetic_random,2026-03-04 17:18:45.633531+00:00
9,SGD,2026-02-16,USD,76.548192,0.013064,synthetic_random,2026-03-04 17:18:45.633539+00:00
9,SGD,2026-02-17,USD,7.329464,0.136436,synthetic_random,2026-03-04 17:18:45.633548+00:00
9,SGD,2026-02-18,USD,63.055116,0.015859,synthetic_random,2026-03-04 17:18:45.633556+00:00
9,SGD,2026-02-19,USD,35.611207,0.028081,synthetic_random,2026-03-04 17:18:45.633563+00:00
9,SGD,2026-02-20,USD,115.497208,0.008658,synthetic_random,2026-03-04 17:18:45.633582+00:00
9,SGD,2026-02-21,USD,83.956256,0.011911,synthetic_random,2026-03-04 17:18:45.633589+00:00
9,SGD,2026-02-22,USD,134.665563,0.007426,synthetic_random,2026-03-04 17:18:45.633597+00:00
9,SGD,2026-02-23,USD,139.277731,0.00718,synthetic_random,2026-03-04 17:18:45.633605+00:00
9,SGD,2026-02-24,USD,96.732194,0.010338,synthetic_random,2026-03-04 17:18:45.633613+00:00
9,SGD,2026-02-25,USD,9.89641,0.101047,synthetic_random,2026-03-04 17:18:45.633620+00:00
9,SGD,2026-02-26,USD,52.971618,0.018878,synthetic_random,2026-03-04 17:18:45.633644+00:00
9,SGD,2026-02-27,USD,119.402382,0.008375,synthetic_random,2026-03-04 17:18:45.633652+00:00
9,SGD,2026-02-28,USD,31.546004,0.0317,synthetic_random,2026-03-04 17:18:45.633660+00:00
9,SGD,2026-03-01,USD,29.571713,0.033816,synthetic_random,2026-03-04 17:18:45.633668+00:00
9,SGD,2026-03-02,USD,135.955958,0.007355,synthetic_random,2026-03-04 17:18:45.633675+00:00
9,SGD,2026-03-03,USD,90.170937,0.01109,synthetic_random,2026-03-04 17:18:45.633683+00:00
9,SGD,2026-03-04,USD,122.967957,0.008132,synthetic_random,2026-03-04 17:18:45.633693+00:00
10,NZD,2026-01-04,USD,85.256349,0.011729,synthetic_random,2026-03-04 17:18:45.633780+00:00
10,NZD,2026-01-05,USD,99.474422,0.010053,synthetic_random,2026-03-04 17:18:45.633789+00:00
10,NZD,2026-01-06,USD,145.514838,0.006872,synthetic_random,2026-03-04 17:18:45.633798+00:00
10,NZD,2026-01-07,USD,146.127912,0.006843,synthetic_random,2026-03-04 17:18:45.633806+00:00
10,NZD,2026-01-08,USD,19.058983,0.052469,synthetic_random,2026-03-04 17:18:45.633813+00:00
10,NZD,2026-01-09,USD,60.942343,0.016409,synthetic_random,2026-03-04 17:18:45.633833+00:00
10,NZD,2026-01-10,USD,104.110996,0.009605,synthetic_random,2026-03-04 17:18:45.633846+00:00
10,NZD,2026-01-11,USD,94.209443,0.010615,synthetic_random,2026-03-04 17:18:45.633858+00:00
10,NZD,2026-01-12,USD,94.573376,0.010574,synthetic_random,2026-03-04 17:18:45.633870+00:00
10,NZD,2026-01-13,USD,94.982154,0.010528,synthetic_random,2026-03-04 17:18:45.633881+00:00
10,NZD,2026-01-14,USD,101.584078,0.009844,synthetic_random,2026-03-04 17:18:45.633893+00:00
10,NZD,2026-01-15,USD,51.330006,0.019482,synthetic_random,2026-03-04 17:18:45.633906+00:00
10,NZD,2026-01-16,USD,16.519304,0.060535,synthetic_random,2026-03-04 17:18:45.633917+00:00
10,NZD,2026-01-17,USD,73.001007,0.013698,synthetic_random,2026-03-04 17:18:45.633925+00:00
10,NZD,2026-01-18,USD,122.92501,0.008135,synthetic_random,2026-03-04 17:18:45.633932+00:00
10,NZD,2026-01-19,USD,13.348706,0.074914,synthetic_random,2026-03-04 17:18:45.633940+00:00
10,NZD,2026-01-20,USD,108.818882,0.00919,synthetic_random,2026-03-04 17:18:45.633951+00:00
10,NZD,2026-01-21,USD,137.189788,0.007289,synthetic_random,2026-03-04 17:18:45.633959+00:00
10,NZD,2026-01-22,USD,65.96491,0.01516,synthetic_random,2026-03-04 17:18:45.633966+00:00
10,NZD,2026-01-23,USD,65.571349,0.015251,synthetic_random,2026-03-04 17:18:45.633981+00:00
10,NZD,2026-01-24,USD,131.178537,0.007623,synthetic_random,2026-03-04 17:18:45.633989+00:00
10,NZD,2026-01-25,USD,89.209288,0.01121,synthetic_random,2026-03-04 17:18:45.633996+00:00
10,NZD,2026-01-26,USD,133.997389,0.007463,synthetic_random,2026-03-04 17:18:45.634004+00:00
10,NZD,2026-01-27,USD,84.824971,0.011789,synthetic_random,2026-03-04 17:18:45.634032+00:00
10,NZD,2026-01-28,USD,30.679217,0.032595,synthetic_random,2026-03-04 17:18:45.634039+00:00
10,NZD,2026-01-29,USD,52.459149,0.019062,synthetic_random,2026-03-04 17:18:45.634048+00:00
10,NZD,2026-01-30,USD,13.753096,0.072711,synthetic_random,2026-03-04 17:18:45.634060+00:00
10,NZD,2026-01-31,USD,122.718636,0.008149,synthetic_random,2026-03-04 17:18:45.634070+00:00
10,NZD,2026-02-01,USD,10.060899,0.099395,synthetic_random,2026-03-04 17:18:45.634405+00:00
10,NZD,2026-02-02,USD,93.247846,0.010724,synthetic_random,2026-03-04 17:18:45.634421+00:00
10,NZD,2026-02-03,USD,33.931784,0.029471,synthetic_random,2026-03-04 17:18:45.634429+00:00
10,NZD,2026-02-04,USD,13.96331,0.071616,synthetic_random,2026-03-04 17:18:45.634438+00:00
10,NZD,2026-02-05,USD,112.829078,0.008863,synthetic_random,2026-03-04 17:18:45.634445+00:00
10,NZD,2026-02-06,USD,96.822587,0.010328,synthetic_random,2026-03-04 17:18:45.634453+00:00
10,NZD,2026-02-07,USD,35.156099,0.028445,synthetic_random,2026-03-04 17:18:45.634460+00:00
10,NZD,2026-02-08,USD,17.55234,0.056972,synthetic_random,2026-03-04 17:18:45.634468+00:00
10,NZD,2026-02-09,USD,118.436668,0.008443,synthetic_random,2026-03-04 17:18:45.634475+00:00
10,NZD,2026-02-10,USD,5.926767,0.168726,synthetic_random,2026-03-04 17:18:45.634483+00:00
10,NZD,2026-02-11,USD,72.401651,0.013812,synthetic_random,2026-03-04 17:18:45.634510+00:00
10,NZD,2026-02-12,USD,64.289578,0.015555,synthetic_random,2026-03-04 17:18:45.634522+00:00
10,NZD,2026-02-13,USD,15.741466,0.063526,synthetic_random,2026-03-04 17:18:45.634530+00:00
10,NZD,2026-02-14,USD,93.21333,0.010728,synthetic_random,2026-03-04 17:18:45.634538+00:00
10,NZD,2026-02-15,USD,60.722504,0.016468,synthetic_random,2026-03-04 17:18:45.634545+00:00
10,NZD,2026-02-16,USD,15.553833,0.064293,synthetic_random,2026-03-04 17:18:45.634564+00:00
10,NZD,2026-02-17,USD,102.661623,0.009741,synthetic_random,2026-03-04 17:18:45.634571+00:00
10,NZD,2026-02-18,USD,51.966373,0.019243,synthetic_random,2026-03-04 17:18:45.634579+00:00
10,NZD,2026-02-19,USD,107.226352,0.009326,synthetic_random,2026-03-04 17:18:45.634587+00:00
10,NZD,2026-02-20,USD,14.921801,0.067016,synthetic_random,2026-03-04 17:18:45.634594+00:00
10,NZD,2026-02-21,USD,87.12043,0.011478,synthetic_random,2026-03-04 17:18:45.634601+00:00
10,NZD,2026-02-22,USD,25.173161,0.039725,synthetic_random,2026-03-04 17:18:45.634609+00:00
10,NZD,2026-02-23,USD,77.097976,0.012971,synthetic_random,2026-03-04 17:18:45.634617+00:00
10,NZD,2026-02-24,USD,10.100851,0.099002,synthetic_random,2026-03-04 17:18:45.634624+00:00
10,NZD,2026-02-25,USD,6.633247,0.150756,synthetic_random,2026-03-04 17:18:45.634631+00:00
10,NZD,2026-02-26,USD,110.189895,0.009075,synthetic_random,2026-03-04 17:18:45.634642+00:00
10,NZD,2026-02-27,USD,75.814565,0.01319,synthetic_random,2026-03-04 17:18:45.634650+00:00
10,NZD,2026-02-28,USD,65.070841,0.015368,synthetic_random,2026-03-04 17:18:45.634657+00:00
10,NZD,2026-03-01,USD,124.824573,0.008011,synthetic_random,2026-03-04 17:18:45.634665+00:00
10,NZD,2026-03-02,USD,82.61872,0.012104,synthetic_random,2026-03-04 17:18:45.634672+00:00
10,NZD,2026-03-03,USD,96.898013,0.01032,synthetic_random,2026-03-04 17:18:45.634679+00:00
10,NZD,2026-03-04,USD,72.693897,0.013756,synthetic_random,2026-03-04 17:18:45.634687+00:00
11,SEK,2026-01-04,USD,22.650863,0.044148,synthetic_random,2026-03-04 17:18:45.634768+00:00
11,SEK,2026-01-05,USD,98.790078,0.010122,synthetic_random,2026-03-04 17:18:45.634777+00:00
11,SEK,2026-01-06,USD,60.379976,0.016562,synthetic_random,2026-03-04 17:18:45.634794+00:00
11,SEK,2026-01-07,USD,11.801425,0.084736,synthetic_random,2026-03-04 17:18:45.634801+00:00
11,SEK,2026-01-08,USD,114.668543,0.008721,synthetic_random,2026-03-04 17:18:45.634809+00:00
11,SEK,2026-01-09,USD,10.255328,0.09751,synthetic_random,2026-03-04 17:18:45.634821+00:00
11,SEK,2026-01-10,USD,40.46959,0.02471,synthetic_random,2026-03-04 17:18:45.634828+00:00
11,SEK,2026-01-11,USD,78.449069,0.012747,synthetic_random,2026-03-04 17:18:45.634835+00:00
11,SEK,2026-01-12,USD,77.862486,0.012843,synthetic_random,2026-03-04 17:18:45.634847+00:00
11,SEK,2026-01-13,USD,101.366493,0.009865,synthetic_random,2026-03-04 17:18:45.634860+00:00
11,SEK,2026-01-14,USD,149.226354,0.006701,synthetic_random,2026-03-04 17:18:45.634867+00:00
11,SEK,2026-01-15,USD,104.172474,0.009599,synthetic_random,2026-03-04 17:18:45.634875+00:00
11,SEK,2026-01-16,USD,19.598874,0.051023,synthetic_random,2026-03-04 17:18:45.634882+00:00
11,SEK,2026-01-17,USD,65.449314,0.015279,synthetic_random,2026-03-04 17:18:45.634889+00:00
11,SEK,2026-01-18,USD,73.428552,0.013619,synthetic_random,2026-03-04 17:18:45.634897+00:00
11,SEK,2026-01-19,USD,101.481282,0.009854,synthetic_random,2026-03-04 17:18:45.634904+00:00
11,SEK,2026-01-20,USD,118.032269,0.008472,synthetic_random,2026-03-04 17:18:45.634912+00:00
11,SEK,2026-01-21,USD,105.576702,0.009472,synthetic_random,2026-03-04 17:18:45.634919+00:00
11,SEK,2026-01-22,USD,42.997541,0.023257,synthetic_random,2026-03-04 17:18:45.634926+00:00
11,SEK,2026-01-23,USD,113.036588,0.008847,synthetic_random,2026-03-04 17:18:45.634933+00:00
11,SEK,2026-01-24,USD,133.079625,0.007514,synthetic_random,2026-03-04 17:18:45.634944+00:00
11,SEK,2026-01-25,USD,23.539822,0.042481,synthetic_random,2026-03-04 17:18:45.634952+00:00
11,SEK,2026-01-26,USD,16.907884,0.059144,synthetic_random,2026-03-04 17:18:45.634959+00:00
11,SEK,2026-01-27,USD,8.011653,0.124818,synthetic_random,2026-03-04 17:18:45.634967+00:00
11,SEK,2026-01-28,USD,33.79567,0.02959,synthetic_random,2026-03-04 17:18:45.634975+00:00
11,SEK,2026-01-29,USD,111.885488,0.008938,synthetic_random,2026-03-04 17:18:45.634982+00:00
11,SEK,2026-01-30,USD,71.881391,0.013912,synthetic_random,2026-03-04 17:18:45.634992+00:00
11,SEK,2026-01-31,USD,21.734166,0.046011,synthetic_random,2026-03-04 17:18:45.635004+00:00
11,SEK,2026-02-01,USD,146.130966,0.006843,synthetic_random,2026-03-04 17:18:45.635016+00:00
11,SEK,2026-02-02,USD,5.339333,0.187289,synthetic_random,2026-03-04 17:18:45.635027+00:00
11,SEK,2026-02-03,USD,114.638526,0.008723,synthetic_random,2026-03-04 17:18:45.635035+00:00
11,SEK,2026-02-04,USD,97.163863,0.010292,synthetic_random,2026-03-04 17:18:45.635042+00:00
11,SEK,2026-02-05,USD,116.73124,0.008567,synthetic_random,2026-03-04 17:18:45.635049+00:00
11,SEK,2026-02-06,USD,125.422149,0.007973,synthetic_random,2026-03-04 17:18:45.635056+00:00
11,SEK,2026-02-07,USD,65.382357,0.015295,synthetic_random,2026-03-04 17:18:45.635064+00:00
11,SEK,2026-02-08,USD,107.624946,0.009292,synthetic_random,2026-03-04 17:18:45.635071+00:00
11,SEK,2026-02-09,USD,133.195426,0.007508,synthetic_random,2026-03-04 17:18:45.635079+00:00
11,SEK,2026-02-10,USD,1.797937,0.556193,synthetic_random,2026-03-04 17:18:45.635088+00:00
11,SEK,2026-02-11,USD,48.875895,0.02046,synthetic_random,2026-03-04 17:18:45.635101+00:00
11,SEK,2026-02-12,USD,121.77371,0.008212,synthetic_random,2026-03-04 17:18:45.635108+00:00
11,SEK,2026-02-13,USD,82.92954,0.012058,synthetic_random,2026-03-04 17:18:45.635120+00:00
11,SEK,2026-02-14,USD,71.018362,0.014081,synthetic_random,2026-03-04 17:18:45.635128+00:00
11,SEK,2026-02-15,USD,29.331089,0.034094,synthetic_random,2026-03-04 17:18:45.635136+00:00
11,SEK,2026-02-16,USD,77.856124,0.012844,synthetic_random,2026-03-04 17:18:45.635143+00:00
11,SEK,2026-02-17,USD,61.16338,0.01635,synthetic_random,2026-03-04 17:18:45.635150+00:00
11,SEK,2026-02-18,USD,55.969578,0.017867,synthetic_random,2026-03-04 17:18:45.635158+00:00
11,SEK,2026-02-19,USD,144.209743,0.006934,synthetic_random,2026-03-04 17:18:45.635165+00:00
11,SEK,2026-02-20,USD,49.362135,0.020258,synthetic_random,2026-03-04 17:18:45.635173+00:00
11,SEK,2026-02-21,USD,48.864352,0.020465,synthetic_random,2026-03-04 17:18:45.635180+00:00
11,SEK,2026-02-22,USD,79.564813,0.012568,synthetic_random,2026-03-04 17:18:45.635188+00:00
11,SEK,2026-02-23,USD,34.093602,0.029331,synthetic_random,2026-03-04 17:18:45.635196+00:00
11,SEK,2026-02-24,USD,91.670048,0.010909,synthetic_random,2026-03-04 17:18:45.635209+00:00
11,SEK,2026-02-25,USD,128.060142,0.007809,synthetic_random,2026-03-04 17:18:45.635219+00:00
11,SEK,2026-02-26,USD,124.978677,0.008001,synthetic_random,2026-03-04 17:18:45.635226+00:00
11,SEK,2026-02-27,USD,39.317202,0.025434,synthetic_random,2026-03-04 17:18:45.635234+00:00
11,SEK,2026-02-28,USD,144.088482,0.00694,synthetic_random,2026-03-04 17:18:45.635241+00:00
11,SEK,2026-03-01,USD,67.593369,0.014794,synthetic_random,2026-03-04 17:18:45.635249+00:00
11,SEK,2026-03-02,USD,142.449536,0.00702,synthetic_random,2026-03-04 17:18:45.635260+00:00
11,SEK,2026-03-03,USD,68.988337,0.014495,synthetic_random,2026-03-04 17:18:45.635268+00:00
11,SEK,2026-03-04,USD,19.973734,0.050066,synthetic_random,2026-03-04 17:18:45.635276+00:00
12,NOK,2026-01-04,USD,108.354563,0.009229,synthetic_random,2026-03-04 17:18:45.635342+00:00
12,NOK,2026-01-05,USD,52.33016,0.019109,synthetic_random,2026-03-04 17:18:45.635351+00:00
12,NOK,2026-01-06,USD,121.741966,0.008214,synthetic_random,2026-03-04 17:18:45.635358+00:00
12,NOK,2026-01-07,USD,98.507875,0.010151,synthetic_random,2026-03-04 17:18:45.635366+00:00
12,NOK,2026-01-08,USD,23.312231,0.042896,synthetic_random,2026-03-04 17:18:45.635373+00:00
12,NOK,2026-01-09,USD,23.070326,0.043346,synthetic_random,2026-03-04 17:18:45.635381+00:00
12,NOK,2026-01-10,USD,73.715646,0.013566,synthetic_random,2026-03-04 17:18:45.635388+00:00
12,NOK,2026-01-11,USD,105.84458,0.009448,synthetic_random,2026-03-04 17:18:45.635396+00:00
12,NOK,2026-01-12,USD,100.121904,0.009988,synthetic_random,2026-03-04 17:18:45.635403+00:00
12,NOK,2026-01-13,USD,0.478183,2.09125,synthetic_random,2026-03-04 17:18:45.635412+00:00
12,NOK,2026-01-14,USD,20.032679,0.049918,synthetic_random,2026-03-04 17:18:45.635420+00:00
12,NOK,2026-01-15,USD,130.637719,0.007655,synthetic_random,2026-03-04 17:18:45.635431+00:00
12,NOK,2026-01-16,USD,57.597613,0.017362,synthetic_random,2026-03-04 17:18:45.635452+00:00
12,NOK,2026-01-17,USD,26.494002,0.037744,synthetic_random,2026-03-04 17:18:45.635466+00:00
12,NOK,2026-01-18,USD,86.938616,0.011502,synthetic_random,2026-03-04 17:18:45.635473+00:00
12,NOK,2026-01-19,USD,137.751099,0.007259,synthetic_random,2026-03-04 17:18:45.635486+00:00
12,NOK,2026-01-20,USD,18.2483,0.0548,synthetic_random,2026-03-04 17:18:45.635494+00:00
12,NOK,2026-01-21,USD,27.749417,0.036037,synthetic_random,2026-03-04 17:18:45.635501+00:00
12,NOK,2026-01-22,USD,20.509726,0.048757,synthetic_random,2026-03-04 17:18:45.635509+00:00
12,NOK,2026-01-23,USD,113.91623,0.008778,synthetic_random,2026-03-04 17:18:45.635516+00:00
12,NOK,2026-01-24,USD,19.15329,0.05221,synthetic_random,2026-03-04 17:18:45.635523+00:00
12,NOK,2026-01-25,USD,39.298497,0.025446,synthetic_random,2026-03-04 17:18:45.635531+00:00
12,NOK,2026-01-26,USD,113.667082,0.008798,synthetic_random,2026-03-04 17:18:45.635538+00:00
12,NOK,2026-01-27,USD,97.579591,0.010248,synthetic_random,2026-03-04 17:18:45.635545+00:00
12,NOK,2026-01-28,USD,67.763087,0.014757,synthetic_random,2026-03-04 17:18:45.635553+00:00
12,NOK,2026-01-29,USD,24.364079,0.041044,synthetic_random,2026-03-04 17:18:45.635562+00:00
12,NOK,2026-01-30,USD,78.141561,0.012797,synthetic_random,2026-03-04 17:18:45.635569+00:00
12,NOK,2026-01-31,USD,36.069971,0.027724,synthetic_random,2026-03-04 17:18:45.635576+00:00
12,NOK,2026-02-01,USD,54.116323,0.018479,synthetic_random,2026-03-04 17:18:45.635584+00:00
12,NOK,2026-02-02,USD,148.05368,0.006754,synthetic_random,2026-03-04 17:18:45.635591+00:00
12,NOK,2026-02-03,USD,132.131925,0.007568,synthetic_random,2026-03-04 17:18:45.635599+00:00
12,NOK,2026-02-04,USD,77.026528,0.012983,synthetic_random,2026-03-04 17:18:45.635606+00:00
12,NOK,2026-02-05,USD,49.364749,0.020257,synthetic_random,2026-03-04 17:18:45.635613+00:00
12,NOK,2026-02-06,USD,92.864457,0.010768,synthetic_random,2026-03-04 17:18:45.635626+00:00
12,NOK,2026-02-07,USD,135.838213,0.007362,synthetic_random,2026-03-04 17:18:45.635637+00:00
12,NOK,2026-02-08,USD,143.464761,0.00697,synthetic_random,2026-03-04 17:18:45.635645+00:00
12,NOK,2026-02-09,USD,104.514479,0.009568,synthetic_random,2026-03-04 17:18:45.635652+00:00
12,NOK,2026-02-10,USD,118.773043,0.008419,synthetic_random,2026-03-04 17:18:45.635660+00:00
12,NOK,2026-02-11,USD,149.65473,0.006682,synthetic_random,2026-03-04 17:18:45.635668+00:00
12,NOK,2026-02-12,USD,34.093227,0.029331,synthetic_random,2026-03-04 17:18:45.635675+00:00
12,NOK,2026-02-13,USD,3.304503,0.302617,synthetic_random,2026-03-04 17:18:45.635682+00:00
12,NOK,2026-02-14,USD,140.902562,0.007097,synthetic_random,2026-03-04 17:18:45.635690+00:00
12,NOK,2026-02-15,USD,17.83088,0.056082,synthetic_random,2026-03-04 17:18:45.635697+00:00
12,NOK,2026-02-16,USD,45.641014,0.02191,synthetic_random,2026-03-04 17:18:45.635705+00:00
12,NOK,2026-02-17,USD,80.00773,0.012499,synthetic_random,2026-03-04 17:18:45.635716+00:00
12,NOK,2026-02-18,USD,11.030532,0.090657,synthetic_random,2026-03-04 17:18:45.635724+00:00
12,NOK,2026-02-19,USD,95.018771,0.010524,synthetic_random,2026-03-04 17:18:45.635731+00:00
12,NOK,2026-02-20,USD,131.761993,0.007589,synthetic_random,2026-03-04 17:18:45.635739+00:00
12,NOK,2026-02-21,USD,125.518567,0.007967,synthetic_random,2026-03-04 17:18:45.635746+00:00
12,NOK,2026-02-22,USD,121.821735,0.008209,synthetic_random,2026-03-04 17:18:45.635754+00:00
12,NOK,2026-02-23,USD,101.382264,0.009864,synthetic_random,2026-03-04 17:18:45.635761+00:00
12,NOK,2026-02-24,USD,112.101271,0.008921,synthetic_random,2026-03-04 17:18:45.635772+00:00
12,NOK,2026-02-25,USD,33.619908,0.029744,synthetic_random,2026-03-04 17:18:45.635780+00:00
12,NOK,2026-02-26,USD,110.566328,0.009044,synthetic_random,2026-03-04 17:18:45.635788+00:00
12,NOK,2026-02-27,USD,3.880522,0.257697,synthetic_random,2026-03-04 17:18:45.635795+00:00
12,NOK,2026-02-28,USD,66.006707,0.01515,synthetic_random,2026-03-04 17:18:45.635802+00:00
12,NOK,2026-03-01,USD,8.35613,0.119673,synthetic_random,2026-03-04 17:18:45.635810+00:00
12,NOK,2026-03-02,USD,11.179139,0.089452,synthetic_random,2026-03-04 17:18:45.635818+00:00
12,NOK,2026-03-03,USD,64.637211,0.015471,synthetic_random,2026-03-04 17:18:45.635826+00:00
12,NOK,2026-03-04,USD,141.572212,0.007064,synthetic_random,2026-03-04 17:18:45.635833+00:00
13,DKK,2026-01-04,USD,93.236478,0.010725,synthetic_random,2026-03-04 17:18:45.635932+00:00
13,DKK,2026-01-05,USD,41.395748,0.024157,synthetic_random,2026-03-04 17:18:45.635949+00:00
13,DKK,2026-01-06,USD,66.92873,0.014941,synthetic_random,2026-03-04 17:18:45.635961+00:00
13,DKK,2026-01-07,USD,117.96841,0.008477,synthetic_random,2026-03-04 17:18:45.635974+00:00
13,DKK,2026-01-08,USD,54.333568,0.018405,synthetic_random,2026-03-04 17:18:45.635982+00:00
13,DKK,2026-01-09,USD,64.349118,0.01554,synthetic_random,2026-03-04 17:18:45.635989+00:00
13,DKK,2026-01-10,USD,139.320675,0.007178,synthetic_random,2026-03-04 17:18:45.635997+00:00
13,DKK,2026-01-11,USD,111.753825,0.008948,synthetic_random,2026-03-04 17:18:45.636004+00:00
13,DKK,2026-01-12,USD,42.928689,0.023294,synthetic_random,2026-03-04 17:18:45.636012+00:00
13,DKK,2026-01-13,USD,4.745528,0.210725,synthetic_random,2026-03-04 17:18:45.636019+00:00
13,DKK,2026-01-14,USD,24.514712,0.040792,synthetic_random,2026-03-04 17:18:45.636036+00:00
13,DKK,2026-01-15,USD,40.221,0.024863,synthetic_random,2026-03-04 17:18:45.636044+00:00
13,DKK,2026-01-16,USD,75.754448,0.013201,synthetic_random,2026-03-04 17:18:45.636051+00:00
13,DKK,2026-01-17,USD,47.140746,0.021213,synthetic_random,2026-03-04 17:18:45.636061+00:00
13,DKK,2026-01-18,USD,112.156422,0.008916,synthetic_random,2026-03-04 17:18:45.636073+00:00
13,DKK,2026-01-19,USD,122.943405,0.008134,synthetic_random,2026-03-04 17:18:45.636085+00:00
13,DKK,2026-01-20,USD,100.751541,0.009925,synthetic_random,2026-03-04 17:18:45.636106+00:00
13,DKK,2026-01-21,USD,118.611071,0.008431,synthetic_random,2026-03-04 17:18:45.636119+00:00
13,DKK,2026-01-22,USD,62.828047,0.015916,synthetic_random,2026-03-04 17:18:45.636126+00:00
13,DKK,2026-01-23,USD,37.729399,0.026505,synthetic_random,2026-03-04 17:18:45.636136+00:00
13,DKK,2026-01-24,USD,94.969494,0.01053,synthetic_random,2026-03-04 17:18:45.636144+00:00
13,DKK,2026-01-25,USD,12.799943,0.078125,synthetic_random,2026-03-04 17:18:45.636151+00:00
13,DKK,2026-01-26,USD,41.050912,0.02436,synthetic_random,2026-03-04 17:18:45.636159+00:00
13,DKK,2026-01-27,USD,39.327869,0.025427,synthetic_random,2026-03-04 17:18:45.636166+00:00
13,DKK,2026-01-28,USD,37.461845,0.026694,synthetic_random,2026-03-04 17:18:45.636174+00:00
13,DKK,2026-01-29,USD,114.588773,0.008727,synthetic_random,2026-03-04 17:18:45.636181+00:00
13,DKK,2026-01-30,USD,48.050708,0.020811,synthetic_random,2026-03-04 17:18:45.636188+00:00
13,DKK,2026-01-31,USD,95.417111,0.01048,synthetic_random,2026-03-04 17:18:45.636196+00:00
13,DKK,2026-02-01,USD,45.467052,0.021994,synthetic_random,2026-03-04 17:18:45.636208+00:00
13,DKK,2026-02-02,USD,47.697457,0.020965,synthetic_random,2026-03-04 17:18:45.636218+00:00
13,DKK,2026-02-03,USD,49.01208,0.020403,synthetic_random,2026-03-04 17:18:45.636225+00:00
13,DKK,2026-02-04,USD,75.456327,0.013253,synthetic_random,2026-03-04 17:18:45.636232+00:00
13,DKK,2026-02-05,USD,76.271495,0.013111,synthetic_random,2026-03-04 17:18:45.636240+00:00
13,DKK,2026-02-06,USD,61.758319,0.016192,synthetic_random,2026-03-04 17:18:45.636247+00:00
13,DKK,2026-02-07,USD,50.063146,0.019975,synthetic_random,2026-03-04 17:18:45.636255+00:00
13,DKK,2026-02-08,USD,67.372697,0.014843,synthetic_random,2026-03-04 17:18:45.636262+00:00
13,DKK,2026-02-09,USD,87.104893,0.01148,synthetic_random,2026-03-04 17:18:45.636269+00:00
13,DKK,2026-02-10,USD,108.536273,0.009214,synthetic_random,2026-03-04 17:18:45.636277+00:00
13,DKK,2026-02-11,USD,64.443635,0.015517,synthetic_random,2026-03-04 17:18:45.636284+00:00
13,DKK,2026-02-12,USD,83.469616,0.01198,synthetic_random,2026-03-04 17:18:45.636291+00:00
13,DKK,2026-02-13,USD,27.252075,0.036694,synthetic_random,2026-03-04 17:18:45.636299+00:00
13,DKK,2026-02-14,USD,105.560572,0.009473,synthetic_random,2026-03-04 17:18:45.636309+00:00
13,DKK,2026-02-15,USD,72.542958,0.013785,synthetic_random,2026-03-04 17:18:45.636318+00:00
13,DKK,2026-02-16,USD,75.791391,0.013194,synthetic_random,2026-03-04 17:18:45.636326+00:00
13,DKK,2026-02-17,USD,88.227176,0.011334,synthetic_random,2026-03-04 17:18:45.636333+00:00
13,DKK,2026-02-18,USD,70.296398,0.014225,synthetic_random,2026-03-04 17:18:45.636341+00:00
13,DKK,2026-02-19,USD,74.440337,0.013434,synthetic_random,2026-03-04 17:18:45.636352+00:00
13,DKK,2026-02-20,USD,96.539429,0.010358,synthetic_random,2026-03-04 17:18:45.636359+00:00
13,DKK,2026-02-21,USD,96.770352,0.010334,synthetic_random,2026-03-04 17:18:45.636371+00:00
13,DKK,2026-02-22,USD,6.432073,0.155471,synthetic_random,2026-03-04 17:18:45.636378+00:00
13,DKK,2026-02-23,USD,79.439028,0.012588,synthetic_random,2026-03-04 17:18:45.636386+00:00
13,DKK,2026-02-24,USD,118.705401,0.008424,synthetic_random,2026-03-04 17:18:45.636393+00:00
13,DKK,2026-02-25,USD,29.773752,0.033587,synthetic_random,2026-03-04 17:18:45.636401+00:00
13,DKK,2026-02-26,USD,8.770324,0.114021,synthetic_random,2026-03-04 17:18:45.636409+00:00
13,DKK,2026-02-27,USD,111.989313,0.008929,synthetic_random,2026-03-04 17:18:45.636421+00:00
13,DKK,2026-02-28,USD,59.028806,0.016941,synthetic_random,2026-03-04 17:18:45.636433+00:00
13,DKK,2026-03-01,USD,8.007208,0.124887,synthetic_random,2026-03-04 17:18:45.636443+00:00
13,DKK,2026-03-02,USD,119.217308,0.008388,synthetic_random,2026-03-04 17:18:45.636452+00:00
13,DKK,2026-03-03,USD,92.018259,0.010867,synthetic_random,2026-03-04 17:18:45.636459+00:00
13,DKK,2026-03-04,USD,106.199224,0.009416,synthetic_random,2026-03-04 17:18:45.636546+00:00
14,PLN,2026-01-04,USD,149.712411,0.006679,synthetic_random,2026-03-04 17:18:45.636626+00:00
14,PLN,2026-01-05,USD,7.073141,0.14138,synthetic_random,2026-03-04 17:18:45.636635+00:00
14,PLN,2026-01-06,USD,3.244286,0.308234,synthetic_random,2026-03-04 17:18:45.636644+00:00
14,PLN,2026-01-07,USD,40.464011,0.024713,synthetic_random,2026-03-04 17:18:45.636651+00:00
14,PLN,2026-01-08,USD,39.20943,0.025504,synthetic_random,2026-03-04 17:18:45.636659+00:00
14,PLN,2026-01-09,USD,67.953986,0.014716,synthetic_random,2026-03-04 17:18:45.636672+00:00
14,PLN,2026-01-10,USD,12.662833,0.078971,synthetic_random,2026-03-04 17:18:45.636680+00:00
14,PLN,2026-01-11,USD,117.928324,0.00848,synthetic_random,2026-03-04 17:18:45.636687+00:00
14,PLN,2026-01-12,USD,144.045426,0.006942,synthetic_random,2026-03-04 17:18:45.636695+00:00
14,PLN,2026-01-13,USD,70.843171,0.014116,synthetic_random,2026-03-04 17:18:45.636703+00:00
14,PLN,2026-01-14,USD,115.72255,0.008641,synthetic_random,2026-03-04 17:18:45.636710+00:00
14,PLN,2026-01-15,USD,64.684751,0.01546,synthetic_random,2026-03-04 17:18:45.636718+00:00
14,PLN,2026-01-16,USD,145.528837,0.006871,synthetic_random,2026-03-04 17:18:45.636725+00:00
14,PLN,2026-01-17,USD,67.550439,0.014804,synthetic_random,2026-03-04 17:18:45.636733+00:00
14,PLN,2026-01-18,USD,127.747108,0.007828,synthetic_random,2026-03-04 17:18:45.636740+00:00
14,PLN,2026-01-19,USD,92.96501,0.010757,synthetic_random,2026-03-04 17:18:45.636748+00:00
14,PLN,2026-01-20,USD,123.185576,0.008118,synthetic_random,2026-03-04 17:18:45.636755+00:00
14,PLN,2026-01-21,USD,89.057621,0.011229,synthetic_random,2026-03-04 17:18:45.636762+00:00
14,PLN,2026-01-22,USD,52.440315,0.019069,synthetic_random,2026-03-04 17:18:45.636770+00:00
14,PLN,2026-01-23,USD,49.352188,0.020263,synthetic_random,2026-03-04 17:18:45.636777+00:00
14,PLN,2026-01-24,USD,1.825448,0.547811,synthetic_random,2026-03-04 17:18:45.636789+00:00
14,PLN,2026-01-25,USD,14.665333,0.068188,synthetic_random,2026-03-04 17:18:45.636796+00:00
14,PLN,2026-01-26,USD,16.170236,0.061842,synthetic_random,2026-03-04 17:18:45.636804+00:00
14,PLN,2026-01-27,USD,1.614506,0.619385,synthetic_random,2026-03-04 17:18:45.636817+00:00
14,PLN,2026-01-28,USD,123.754391,0.008081,synthetic_random,2026-03-04 17:18:45.636824+00:00
14,PLN,2026-01-29,USD,64.402095,0.015527,synthetic_random,2026-03-04 17:18:45.636832+00:00
14,PLN,2026-01-30,USD,74.475253,0.013427,synthetic_random,2026-03-04 17:18:45.636839+00:00
14,PLN,2026-01-31,USD,85.951568,0.011634,synthetic_random,2026-03-04 17:18:45.636847+00:00
14,PLN,2026-02-01,USD,24.70388,0.040479,synthetic_random,2026-03-04 17:18:45.636854+00:00
14,PLN,2026-02-02,USD,0.504282,1.983017,synthetic_random,2026-03-04 17:18:45.636861+00:00
14,PLN,2026-02-03,USD,115.210146,0.00868,synthetic_random,2026-03-04 17:18:45.636869+00:00
14,PLN,2026-02-04,USD,56.149651,0.01781,synthetic_random,2026-03-04 17:18:45.636876+00:00
14,PLN,2026-02-05,USD,78.789373,0.012692,synthetic_random,2026-03-04 17:18:45.636884+00:00
14,PLN,2026-02-06,USD,56.881343,0.01758,synthetic_random,2026-03-04 17:18:45.636892+00:00
14,PLN,2026-02-07,USD,105.204708,0.009505,synthetic_random,2026-03-04 17:18:45.636900+00:00
14,PLN,2026-02-08,USD,63.605952,0.015722,synthetic_random,2026-03-04 17:18:45.636907+00:00
14,PLN,2026-02-09,USD,63.691444,0.015701,synthetic_random,2026-03-04 17:18:45.636915+00:00
14,PLN,2026-02-10,USD,1.286536,0.777281,synthetic_random,2026-03-04 17:18:45.636923+00:00
14,PLN,2026-02-11,USD,4.889392,0.204524,synthetic_random,2026-03-04 17:18:45.636930+00:00
14,PLN,2026-02-12,USD,42.08702,0.02376,synthetic_random,2026-03-04 17:18:45.636938+00:00
14,PLN,2026-02-13,USD,36.931949,0.027077,synthetic_random,2026-03-04 17:18:45.636945+00:00
14,PLN,2026-02-14,USD,79.363283,0.0126,synthetic_random,2026-03-04 17:18:45.636957+00:00
14,PLN,2026-02-15,USD,1.086077,0.920745,synthetic_random,2026-03-04 17:18:45.636969+00:00
14,PLN,2026-02-16,USD,19.835722,0.050414,synthetic_random,2026-03-04 17:18:45.636977+00:00
14,PLN,2026-02-17,USD,45.884021,0.021794,synthetic_random,2026-03-04 17:18:45.636984+00:00
14,PLN,2026-02-18,USD,42.560733,0.023496,synthetic_random,2026-03-04 17:18:45.636992+00:00
14,PLN,2026-02-19,USD,66.118932,0.015124,synthetic_random,2026-03-04 17:18:45.636999+00:00
14,PLN,2026-02-20,USD,123.611967,0.00809,synthetic_random,2026-03-04 17:18:45.637011+00:00
14,PLN,2026-02-21,USD,93.448662,0.010701,synthetic_random,2026-03-04 17:18:45.637019+00:00
14,PLN,2026-02-22,USD,7.317568,0.136657,synthetic_random,2026-03-04 17:18:45.637026+00:00
14,PLN,2026-02-23,USD,112.625847,0.008879,synthetic_random,2026-03-04 17:18:45.637034+00:00
14,PLN,2026-02-24,USD,131.24192,0.00762,synthetic_random,2026-03-04 17:18:45.637041+00:00
14,PLN,2026-02-25,USD,26.620308,0.037565,synthetic_random,2026-03-04 17:18:45.637053+00:00
14,PLN,2026-02-26,USD,101.724043,0.009831,synthetic_random,2026-03-04 17:18:45.637061+00:00
14,PLN,2026-02-27,USD,130.967883,0.007635,synthetic_random,2026-03-04 17:18:45.637068+00:00
14,PLN,2026-02-28,USD,96.421619,0.010371,synthetic_random,2026-03-04 17:18:45.637075+00:00
14,PLN,2026-03-01,USD,23.166051,0.043167,synthetic_random,2026-03-04 17:18:45.637083+00:00
14,PLN,2026-03-02,USD,125.173597,0.007989,synthetic_random,2026-03-04 17:18:45.637090+00:00
14,PLN,2026-03-03,USD,37.887456,0.026394,synthetic_random,2026-03-04 17:18:45.637098+00:00
14,PLN,2026-03-04,USD,120.772467,0.00828,synthetic_random,2026-03-04 17:18:45.637109+00:00
15,CZK,2026-01-04,USD,146.236275,0.006838,synthetic_random,2026-03-04 17:18:45.637184+00:00
15,CZK,2026-01-05,USD,97.588385,0.010247,synthetic_random,2026-03-04 17:18:45.637196+00:00
15,CZK,2026-01-06,USD,122.807426,0.008143,synthetic_random,2026-03-04 17:18:45.637204+00:00
15,CZK,2026-01-07,USD,74.45266,0.013431,synthetic_random,2026-03-04 17:18:45.637211+00:00
15,CZK,2026-01-08,USD,53.902576,0.018552,synthetic_random,2026-03-04 17:18:45.637218+00:00
15,CZK,2026-01-09,USD,37.665473,0.02655,synthetic_random,2026-03-04 17:18:45.637228+00:00
15,CZK,2026-01-10,USD,96.295002,0.010385,synthetic_random,2026-03-04 17:18:45.637236+00:00
15,CZK,2026-01-11,USD,106.844342,0.009359,synthetic_random,2026-03-04 17:18:45.637243+00:00
15,CZK,2026-01-12,USD,64.819525,0.015427,synthetic_random,2026-03-04 17:18:45.637250+00:00
15,CZK,2026-01-13,USD,79.586815,0.012565,synthetic_random,2026-03-04 17:18:45.637258+00:00
15,CZK,2026-01-14,USD,87.112311,0.011479,synthetic_random,2026-03-04 17:18:45.637265+00:00
15,CZK,2026-01-15,USD,50.724998,0.019714,synthetic_random,2026-03-04 17:18:45.637272+00:00
15,CZK,2026-01-16,USD,37.607569,0.02659,synthetic_random,2026-03-04 17:18:45.637280+00:00
15,CZK,2026-01-17,USD,114.769047,0.008713,synthetic_random,2026-03-04 17:18:45.637287+00:00
15,CZK,2026-01-18,USD,128.827443,0.007762,synthetic_random,2026-03-04 17:18:45.637294+00:00
15,CZK,2026-01-19,USD,47.627242,0.020996,synthetic_random,2026-03-04 17:18:45.637302+00:00
15,CZK,2026-01-20,USD,21.946572,0.045565,synthetic_random,2026-03-04 17:18:45.637309+00:00
15,CZK,2026-01-21,USD,19.103394,0.052347,synthetic_random,2026-03-04 17:18:45.637317+00:00
15,CZK,2026-01-22,USD,40.11724,0.024927,synthetic_random,2026-03-04 17:18:45.637339+00:00
15,CZK,2026-01-23,USD,6.04648,0.165385,synthetic_random,2026-03-04 17:18:45.637351+00:00
15,CZK,2026-01-24,USD,70.659863,0.014152,synthetic_random,2026-03-04 17:18:45.637364+00:00
15,CZK,2026-01-25,USD,27.659756,0.036154,synthetic_random,2026-03-04 17:18:45.637389+00:00
15,CZK,2026-01-26,USD,38.863194,0.025731,synthetic_random,2026-03-04 17:18:45.637397+00:00
15,CZK,2026-01-27,USD,128.361331,0.007791,synthetic_random,2026-03-04 17:18:45.637404+00:00
15,CZK,2026-01-28,USD,133.806755,0.007473,synthetic_random,2026-03-04 17:18:45.637416+00:00
15,CZK,2026-01-29,USD,39.724475,0.025173,synthetic_random,2026-03-04 17:18:45.637427+00:00
15,CZK,2026-01-30,USD,86.695376,0.011535,synthetic_random,2026-03-04 17:18:45.637434+00:00
15,CZK,2026-01-31,USD,71.424431,0.014001,synthetic_random,2026-03-04 17:18:45.637443+00:00
15,CZK,2026-02-01,USD,145.311154,0.006882,synthetic_random,2026-03-04 17:18:45.637450+00:00
15,CZK,2026-02-02,USD,45.725327,0.02187,synthetic_random,2026-03-04 17:18:45.637458+00:00
15,CZK,2026-02-03,USD,106.412099,0.009397,synthetic_random,2026-03-04 17:18:45.637465+00:00
15,CZK,2026-02-04,USD,49.06939,0.020379,synthetic_random,2026-03-04 17:18:45.637473+00:00
15,CZK,2026-02-05,USD,100.741537,0.009926,synthetic_random,2026-03-04 17:18:45.637482+00:00
15,CZK,2026-02-06,USD,41.64013,0.024015,synthetic_random,2026-03-04 17:18:45.637496+00:00
15,CZK,2026-02-07,USD,78.593862,0.012724,synthetic_random,2026-03-04 17:18:45.637508+00:00
15,CZK,2026-02-08,USD,57.562201,0.017373,synthetic_random,2026-03-04 17:18:45.637515+00:00
15,CZK,2026-02-09,USD,34.204744,0.029236,synthetic_random,2026-03-04 17:18:45.637529+00:00
15,CZK,2026-02-10,USD,44.610508,0.022416,synthetic_random,2026-03-04 17:18:45.637538+00:00
15,CZK,2026-02-11,USD,122.882716,0.008138,synthetic_random,2026-03-04 17:18:45.637545+00:00
15,CZK,2026-02-12,USD,126.051033,0.007933,synthetic_random,2026-03-04 17:18:45.637553+00:00
15,CZK,2026-02-13,USD,87.005496,0.011494,synthetic_random,2026-03-04 17:18:45.637560+00:00
15,CZK,2026-02-14,USD,116.832117,0.008559,synthetic_random,2026-03-04 17:18:45.637567+00:00
15,CZK,2026-02-15,USD,20.163036,0.049596,synthetic_random,2026-03-04 17:18:45.637575+00:00
15,CZK,2026-02-16,USD,21.491503,0.04653,synthetic_random,2026-03-04 17:18:45.637582+00:00
15,CZK,2026-02-17,USD,129.287471,0.007735,synthetic_random,2026-03-04 17:18:45.637589+00:00
15,CZK,2026-02-18,USD,149.298884,0.006698,synthetic_random,2026-03-04 17:18:45.637597+00:00
15,CZK,2026-02-19,USD,136.935581,0.007303,synthetic_random,2026-03-04 17:18:45.637604+00:00
15,CZK,2026-02-20,USD,116.129721,0.008611,synthetic_random,2026-03-04 17:18:45.637612+00:00
15,CZK,2026-02-21,USD,108.398971,0.009225,synthetic_random,2026-03-04 17:18:45.637619+00:00
15,CZK,2026-02-22,USD,82.697119,0.012092,synthetic_random,2026-03-04 17:18:45.637626+00:00
15,CZK,2026-02-23,USD,103.703095,0.009643,synthetic_random,2026-03-04 17:18:45.637634+00:00
15,CZK,2026-02-24,USD,49.872811,0.020051,synthetic_random,2026-03-04 17:18:45.637645+00:00
15,CZK,2026-02-25,USD,10.907451,0.09168,synthetic_random,2026-03-04 17:18:45.637653+00:00
15,CZK,2026-02-26,USD,104.776433,0.009544,synthetic_random,2026-03-04 17:18:45.637660+00:00
15,CZK,2026-02-27,USD,13.546233,0.073821,synthetic_random,2026-03-04 17:18:45.637671+00:00
15,CZK,2026-02-28,USD,102.763255,0.009731,synthetic_random,2026-03-04 17:18:45.637679+00:00
15,CZK,2026-03-01,USD,51.78656,0.01931,synthetic_random,2026-03-04 17:18:45.637690+00:00
15,CZK,2026-03-02,USD,55.937543,0.017877,synthetic_random,2026-03-04 17:18:45.637698+00:00
15,CZK,2026-03-03,USD,44.824223,0.022309,synthetic_random,2026-03-04 17:18:45.637705+00:00
15,CZK,2026-03-04,USD,113.511218,0.00881,synthetic_random,2026-03-04 17:18:45.637712+00:00
16,HUF,2026-01-04,USD,67.46898,0.014822,synthetic_random,2026-03-04 17:18:45.637782+00:00
16,HUF,2026-01-05,USD,103.894972,0.009625,synthetic_random,2026-03-04 17:18:45.637790+00:00
16,HUF,2026-01-06,USD,95.29069,0.010494,synthetic_random,2026-03-04 17:18:45.637797+00:00
16,HUF,2026-01-07,USD,81.335356,0.012295,synthetic_random,2026-03-04 17:18:45.637807+00:00
16,HUF,2026-01-08,USD,39.128401,0.025557,synthetic_random,2026-03-04 17:18:45.637819+00:00
16,HUF,2026-01-09,USD,40.784764,0.024519,synthetic_random,2026-03-04 17:18:45.637830+00:00
16,HUF,2026-01-10,USD,89.042632,0.011231,synthetic_random,2026-03-04 17:18:45.637843+00:00
16,HUF,2026-01-11,USD,41.320464,0.024201,synthetic_random,2026-03-04 17:18:45.637862+00:00
16,HUF,2026-01-12,USD,87.455222,0.011434,synthetic_random,2026-03-04 17:18:45.637873+00:00
16,HUF,2026-01-13,USD,64.279935,0.015557,synthetic_random,2026-03-04 17:18:45.637882+00:00
16,HUF,2026-01-14,USD,10.680193,0.093631,synthetic_random,2026-03-04 17:18:45.637890+00:00
16,HUF,2026-01-15,USD,2.881126,0.347087,synthetic_random,2026-03-04 17:18:45.637897+00:00
16,HUF,2026-01-16,USD,30.646547,0.03263,synthetic_random,2026-03-04 17:18:45.637906+00:00
16,HUF,2026-01-17,USD,93.854072,0.010655,synthetic_random,2026-03-04 17:18:45.637925+00:00
16,HUF,2026-01-18,USD,92.648788,0.010793,synthetic_random,2026-03-04 17:18:45.637937+00:00
16,HUF,2026-01-19,USD,47.166225,0.021202,synthetic_random,2026-03-04 17:18:45.637949+00:00
16,HUF,2026-01-20,USD,51.037575,0.019593,synthetic_random,2026-03-04 17:18:45.637963+00:00
16,HUF,2026-01-21,USD,141.477949,0.007068,synthetic_random,2026-03-04 17:18:45.637977+00:00
16,HUF,2026-01-22,USD,142.423545,0.007021,synthetic_random,2026-03-04 17:18:45.637990+00:00
16,HUF,2026-01-23,USD,40.836236,0.024488,synthetic_random,2026-03-04 17:18:45.638004+00:00
16,HUF,2026-01-24,USD,65.372067,0.015297,synthetic_random,2026-03-04 17:18:45.638016+00:00
16,HUF,2026-01-25,USD,57.453242,0.017405,synthetic_random,2026-03-04 17:18:45.638027+00:00
16,HUF,2026-01-26,USD,93.093685,0.010742,synthetic_random,2026-03-04 17:18:45.638040+00:00
16,HUF,2026-01-27,USD,66.209322,0.015104,synthetic_random,2026-03-04 17:18:45.638054+00:00
16,HUF,2026-01-28,USD,115.689399,0.008644,synthetic_random,2026-03-04 17:18:45.638070+00:00
16,HUF,2026-01-29,USD,12.123789,0.082482,synthetic_random,2026-03-04 17:18:45.638081+00:00
16,HUF,2026-01-30,USD,51.514499,0.019412,synthetic_random,2026-03-04 17:18:45.638093+00:00
16,HUF,2026-01-31,USD,79.548047,0.012571,synthetic_random,2026-03-04 17:18:45.638109+00:00
16,HUF,2026-02-01,USD,26.805074,0.037306,synthetic_random,2026-03-04 17:18:45.638133+00:00
16,HUF,2026-02-02,USD,109.503611,0.009132,synthetic_random,2026-03-04 17:18:45.638148+00:00
16,HUF,2026-02-03,USD,19.464244,0.051376,synthetic_random,2026-03-04 17:18:45.638159+00:00
16,HUF,2026-02-04,USD,136.326214,0.007335,synthetic_random,2026-03-04 17:18:45.638189+00:00
16,HUF,2026-02-05,USD,22.932511,0.043606,synthetic_random,2026-03-04 17:18:45.638204+00:00
16,HUF,2026-02-06,USD,91.940962,0.010877,synthetic_random,2026-03-04 17:18:45.638215+00:00
16,HUF,2026-02-07,USD,101.204163,0.009881,synthetic_random,2026-03-04 17:18:45.638226+00:00
16,HUF,2026-02-08,USD,60.617067,0.016497,synthetic_random,2026-03-04 17:18:45.638237+00:00
16,HUF,2026-02-09,USD,66.853566,0.014958,synthetic_random,2026-03-04 17:18:45.638249+00:00
16,HUF,2026-02-10,USD,103.837534,0.00963,synthetic_random,2026-03-04 17:18:45.638259+00:00
16,HUF,2026-02-11,USD,74.731157,0.013381,synthetic_random,2026-03-04 17:18:45.638270+00:00
16,HUF,2026-02-12,USD,15.02178,0.06657,synthetic_random,2026-03-04 17:18:45.638281+00:00
16,HUF,2026-02-13,USD,94.900058,0.010537,synthetic_random,2026-03-04 17:18:45.638291+00:00
16,HUF,2026-02-14,USD,52.747742,0.018958,synthetic_random,2026-03-04 17:18:45.638304+00:00
16,HUF,2026-02-15,USD,125.044189,0.007997,synthetic_random,2026-03-04 17:18:45.638314+00:00
16,HUF,2026-02-16,USD,44.572279,0.022435,synthetic_random,2026-03-04 17:18:45.638325+00:00
16,HUF,2026-02-17,USD,85.525526,0.011692,synthetic_random,2026-03-04 17:18:45.638336+00:00
16,HUF,2026-02-18,USD,99.906215,0.010009,synthetic_random,2026-03-04 17:18:45.638348+00:00
16,HUF,2026-02-19,USD,87.709647,0.011401,synthetic_random,2026-03-04 17:18:45.638359+00:00
16,HUF,2026-02-20,USD,79.56157,0.012569,synthetic_random,2026-03-04 17:18:45.638369+00:00
16,HUF,2026-02-21,USD,42.893143,0.023314,synthetic_random,2026-03-04 17:18:45.638381+00:00
16,HUF,2026-02-22,USD,140.150071,0.007135,synthetic_random,2026-03-04 17:18:45.638398+00:00
16,HUF,2026-02-23,USD,0.583928,1.71254,synthetic_random,2026-03-04 17:18:45.638415+00:00
16,HUF,2026-02-24,USD,8.727955,0.114574,synthetic_random,2026-03-04 17:18:45.638428+00:00
16,HUF,2026-02-25,USD,44.200087,0.022624,synthetic_random,2026-03-04 17:18:45.638439+00:00
16,HUF,2026-02-26,USD,80.434156,0.012433,synthetic_random,2026-03-04 17:18:45.638451+00:00
16,HUF,2026-02-27,USD,91.744424,0.0109,synthetic_random,2026-03-04 17:18:45.638461+00:00
16,HUF,2026-02-28,USD,107.911933,0.009267,synthetic_random,2026-03-04 17:18:45.638477+00:00
16,HUF,2026-03-01,USD,149.955114,0.006669,synthetic_random,2026-03-04 17:18:45.638488+00:00
16,HUF,2026-03-02,USD,69.742014,0.014339,synthetic_random,2026-03-04 17:18:45.638563+00:00
16,HUF,2026-03-03,USD,87.895441,0.011377,synthetic_random,2026-03-04 17:18:45.638576+00:00
16,HUF,2026-03-04,USD,76.530359,0.013067,synthetic_random,2026-03-04 17:18:45.638586+00:00
17,RON,2026-01-04,USD,48.323531,0.020694,synthetic_random,2026-03-04 17:18:45.638713+00:00
17,RON,2026-01-05,USD,140.190645,0.007133,synthetic_random,2026-03-04 17:18:45.638728+00:00
17,RON,2026-01-06,USD,38.424071,0.026025,synthetic_random,2026-03-04 17:18:45.638739+00:00
17,RON,2026-01-07,USD,125.605906,0.007961,synthetic_random,2026-03-04 17:18:45.638749+00:00
17,RON,2026-01-08,USD,98.572067,0.010145,synthetic_random,2026-03-04 17:18:45.638759+00:00
17,RON,2026-01-09,USD,146.005227,0.006849,synthetic_random,2026-03-04 17:18:45.638770+00:00
17,RON,2026-01-10,USD,107.368457,0.009314,synthetic_random,2026-03-04 17:18:45.638781+00:00
17,RON,2026-01-11,USD,63.066757,0.015856,synthetic_random,2026-03-04 17:18:45.638805+00:00
17,RON,2026-01-12,USD,4.911475,0.203605,synthetic_random,2026-03-04 17:18:45.638816+00:00
17,RON,2026-01-13,USD,99.147784,0.010086,synthetic_random,2026-03-04 17:18:45.638828+00:00
17,RON,2026-01-14,USD,142.712087,0.007007,synthetic_random,2026-03-04 17:18:45.638839+00:00
17,RON,2026-01-15,USD,65.354883,0.015301,synthetic_random,2026-03-04 17:18:45.638850+00:00
17,RON,2026-01-16,USD,62.185887,0.016081,synthetic_random,2026-03-04 17:18:45.638863+00:00
17,RON,2026-01-17,USD,117.275359,0.008527,synthetic_random,2026-03-04 17:18:45.638884+00:00
17,RON,2026-01-18,USD,130.536151,0.007661,synthetic_random,2026-03-04 17:18:45.638897+00:00
17,RON,2026-01-19,USD,67.886018,0.014731,synthetic_random,2026-03-04 17:18:45.638909+00:00
17,RON,2026-01-20,USD,137.030542,0.007298,synthetic_random,2026-03-04 17:18:45.638921+00:00
17,RON,2026-01-21,USD,115.431338,0.008663,synthetic_random,2026-03-04 17:18:45.638932+00:00
17,RON,2026-01-22,USD,15.815485,0.063229,synthetic_random,2026-03-04 17:18:45.638945+00:00
17,RON,2026-01-23,USD,106.878669,0.009356,synthetic_random,2026-03-04 17:18:45.638962+00:00
17,RON,2026-01-24,USD,77.704796,0.012869,synthetic_random,2026-03-04 17:18:45.638975+00:00
17,RON,2026-01-25,USD,121.188907,0.008252,synthetic_random,2026-03-04 17:18:45.638998+00:00
17,RON,2026-01-26,USD,70.006914,0.014284,synthetic_random,2026-03-04 17:18:45.639011+00:00
17,RON,2026-01-27,USD,6.668352,0.149962,synthetic_random,2026-03-04 17:18:45.639021+00:00
17,RON,2026-01-28,USD,121.730484,0.008215,synthetic_random,2026-03-04 17:18:45.639031+00:00
17,RON,2026-01-29,USD,113.962629,0.008775,synthetic_random,2026-03-04 17:18:45.639042+00:00
17,RON,2026-01-30,USD,94.77544,0.010551,synthetic_random,2026-03-04 17:18:45.639062+00:00
17,RON,2026-01-31,USD,111.68248,0.008954,synthetic_random,2026-03-04 17:18:45.639072+00:00
17,RON,2026-02-01,USD,99.257615,0.010075,synthetic_random,2026-03-04 17:18:45.639082+00:00
17,RON,2026-02-02,USD,92.355627,0.010828,synthetic_random,2026-03-04 17:18:45.639092+00:00
17,RON,2026-02-03,USD,101.482507,0.009854,synthetic_random,2026-03-04 17:18:45.639102+00:00
17,RON,2026-02-04,USD,56.986581,0.017548,synthetic_random,2026-03-04 17:18:45.639111+00:00
17,RON,2026-02-05,USD,47.284113,0.021149,synthetic_random,2026-03-04 17:18:45.639126+00:00
17,RON,2026-02-06,USD,29.544171,0.033848,synthetic_random,2026-03-04 17:18:45.639137+00:00
17,RON,2026-02-07,USD,30.311107,0.032991,synthetic_random,2026-03-04 17:18:45.639146+00:00
17,RON,2026-02-08,USD,63.802243,0.015673,synthetic_random,2026-03-04 17:18:45.639157+00:00
17,RON,2026-02-09,USD,8.499364,0.117656,synthetic_random,2026-03-04 17:18:45.639167+00:00
17,RON,2026-02-10,USD,48.61407,0.02057,synthetic_random,2026-03-04 17:18:45.639177+00:00
17,RON,2026-02-11,USD,44.192274,0.022628,synthetic_random,2026-03-04 17:18:45.639187+00:00
17,RON,2026-02-12,USD,131.228809,0.00762,synthetic_random,2026-03-04 17:18:45.639197+00:00
17,RON,2026-02-13,USD,56.907835,0.017572,synthetic_random,2026-03-04 17:18:45.639209+00:00
17,RON,2026-02-14,USD,126.125246,0.007929,synthetic_random,2026-03-04 17:18:45.639223+00:00
17,RON,2026-02-15,USD,14.219142,0.070328,synthetic_random,2026-03-04 17:18:45.639234+00:00
17,RON,2026-02-16,USD,13.069231,0.076516,synthetic_random,2026-03-04 17:18:45.639246+00:00
17,RON,2026-02-17,USD,33.787255,0.029597,synthetic_random,2026-03-04 17:18:45.639260+00:00
17,RON,2026-02-18,USD,95.888888,0.010429,synthetic_random,2026-03-04 17:18:45.639270+00:00
17,RON,2026-02-19,USD,4.032578,0.24798,synthetic_random,2026-03-04 17:18:45.639277+00:00
17,RON,2026-02-20,USD,109.868422,0.009102,synthetic_random,2026-03-04 17:18:45.639284+00:00
17,RON,2026-02-21,USD,65.808275,0.015196,synthetic_random,2026-03-04 17:18:45.639292+00:00
17,RON,2026-02-22,USD,110.668776,0.009036,synthetic_random,2026-03-04 17:18:45.639301+00:00
17,RON,2026-02-23,USD,2.141257,0.467015,synthetic_random,2026-03-04 17:18:45.639313+00:00
17,RON,2026-02-24,USD,85.829182,0.011651,synthetic_random,2026-03-04 17:18:45.639326+00:00
17,RON,2026-02-25,USD,30.966974,0.032292,synthetic_random,2026-03-04 17:18:45.639337+00:00
17,RON,2026-02-26,USD,82.181197,0.012168,synthetic_random,2026-03-04 17:18:45.639349+00:00
17,RON,2026-02-27,USD,97.976375,0.010207,synthetic_random,2026-03-04 17:18:45.639357+00:00
17,RON,2026-02-28,USD,148.197511,0.006748,synthetic_random,2026-03-04 17:18:45.639364+00:00
17,RON,2026-03-01,USD,122.382544,0.008171,synthetic_random,2026-03-04 17:18:45.639371+00:00
17,RON,2026-03-02,USD,137.445499,0.007276,synthetic_random,2026-03-04 17:18:45.639378+00:00
17,RON,2026-03-03,USD,67.99924,0.014706,synthetic_random,2026-03-04 17:18:45.639386+00:00
17,RON,2026-03-04,USD,143.34861,0.006976,synthetic_random,2026-03-04 17:18:45.639393+00:00
18,TRY,2026-01-04,USD,91.47936,0.010931,synthetic_random,2026-03-04 17:18:45.639470+00:00
18,TRY,2026-01-05,USD,134.90562,0.007413,synthetic_random,2026-03-04 17:18:45.639479+00:00
18,TRY,2026-01-06,USD,138.467978,0.007222,synthetic_random,2026-03-04 17:18:45.639494+00:00
18,TRY,2026-01-07,USD,17.798707,0.056184,synthetic_random,2026-03-04 17:18:45.639502+00:00
18,TRY,2026-01-08,USD,19.890575,0.050275,synthetic_random,2026-03-04 17:18:45.639514+00:00
18,TRY,2026-01-09,USD,62.288385,0.016054,synthetic_random,2026-03-04 17:18:45.639521+00:00
18,TRY,2026-01-10,USD,20.553593,0.048653,synthetic_random,2026-03-04 17:18:45.639528+00:00
18,TRY,2026-01-11,USD,94.786905,0.01055,synthetic_random,2026-03-04 17:18:45.639536+00:00
18,TRY,2026-01-12,USD,16.413859,0.060924,synthetic_random,2026-03-04 17:18:45.639545+00:00
18,TRY,2026-01-13,USD,116.784898,0.008563,synthetic_random,2026-03-04 17:18:45.639553+00:00
18,TRY,2026-01-14,USD,60.304609,0.016582,synthetic_random,2026-03-04 17:18:45.639560+00:00
18,TRY,2026-01-15,USD,83.368856,0.011995,synthetic_random,2026-03-04 17:18:45.639568+00:00
18,TRY,2026-01-16,USD,64.978126,0.01539,synthetic_random,2026-03-04 17:18:45.639575+00:00
18,TRY,2026-01-17,USD,122.786356,0.008144,synthetic_random,2026-03-04 17:18:45.639582+00:00
18,TRY,2026-01-18,USD,133.65771,0.007482,synthetic_random,2026-03-04 17:18:45.639590+00:00
18,TRY,2026-01-19,USD,16.160883,0.061878,synthetic_random,2026-03-04 17:18:45.639601+00:00
18,TRY,2026-01-20,USD,57.319416,0.017446,synthetic_random,2026-03-04 17:18:45.639609+00:00
18,TRY,2026-01-21,USD,76.773216,0.013025,synthetic_random,2026-03-04 17:18:45.639619+00:00
18,TRY,2026-01-22,USD,68.332136,0.014634,synthetic_random,2026-03-04 17:18:45.639626+00:00
18,TRY,2026-01-23,USD,33.155997,0.03016,synthetic_random,2026-03-04 17:18:45.639634+00:00
18,TRY,2026-01-24,USD,12.942663,0.077264,synthetic_random,2026-03-04 17:18:45.639641+00:00
18,TRY,2026-01-25,USD,61.570751,0.016241,synthetic_random,2026-03-04 17:18:45.639656+00:00
18,TRY,2026-01-26,USD,102.93726,0.009715,synthetic_random,2026-03-04 17:18:45.639669+00:00
18,TRY,2026-01-27,USD,139.002651,0.007194,synthetic_random,2026-03-04 17:18:45.639682+00:00
18,TRY,2026-01-28,USD,64.453213,0.015515,synthetic_random,2026-03-04 17:18:45.639694+00:00
18,TRY,2026-01-29,USD,138.583833,0.007216,synthetic_random,2026-03-04 17:18:45.639707+00:00
18,TRY,2026-01-30,USD,95.882094,0.010429,synthetic_random,2026-03-04 17:18:45.639719+00:00
18,TRY,2026-01-31,USD,136.030718,0.007351,synthetic_random,2026-03-04 17:18:45.639727+00:00
18,TRY,2026-02-01,USD,43.639892,0.022915,synthetic_random,2026-03-04 17:18:45.639734+00:00
18,TRY,2026-02-02,USD,67.915972,0.014724,synthetic_random,2026-03-04 17:18:45.639743+00:00
18,TRY,2026-02-03,USD,140.836617,0.0071,synthetic_random,2026-03-04 17:18:45.639755+00:00
18,TRY,2026-02-04,USD,115.098259,0.008688,synthetic_random,2026-03-04 17:18:45.639766+00:00
18,TRY,2026-02-05,USD,132.626178,0.00754,synthetic_random,2026-03-04 17:18:45.639776+00:00
18,TRY,2026-02-06,USD,75.833121,0.013187,synthetic_random,2026-03-04 17:18:45.639784+00:00
18,TRY,2026-02-07,USD,75.853773,0.013183,synthetic_random,2026-03-04 17:18:45.639791+00:00
18,TRY,2026-02-08,USD,38.596472,0.025909,synthetic_random,2026-03-04 17:18:45.639798+00:00
18,TRY,2026-02-09,USD,103.479001,0.009664,synthetic_random,2026-03-04 17:18:45.639812+00:00
18,TRY,2026-02-10,USD,83.468609,0.011981,synthetic_random,2026-03-04 17:18:45.639820+00:00
18,TRY,2026-02-11,USD,102.427835,0.009763,synthetic_random,2026-03-04 17:18:45.639827+00:00
18,TRY,2026-02-12,USD,71.044718,0.014076,synthetic_random,2026-03-04 17:18:45.639841+00:00
18,TRY,2026-02-13,USD,109.505519,0.009132,synthetic_random,2026-03-04 17:18:45.639848+00:00
18,TRY,2026-02-14,USD,146.289826,0.006836,synthetic_random,2026-03-04 17:18:45.639856+00:00
18,TRY,2026-02-15,USD,88.538163,0.011295,synthetic_random,2026-03-04 17:18:45.639863+00:00
18,TRY,2026-02-16,USD,4.184503,0.238977,synthetic_random,2026-03-04 17:18:45.639871+00:00
18,TRY,2026-02-17,USD,28.02299,0.035685,synthetic_random,2026-03-04 17:18:45.639878+00:00
18,TRY,2026-02-18,USD,100.332832,0.009967,synthetic_random,2026-03-04 17:18:45.639886+00:00
18,TRY,2026-02-19,USD,10.413661,0.096028,synthetic_random,2026-03-04 17:18:45.639893+00:00
18,TRY,2026-02-20,USD,20.787796,0.048105,synthetic_random,2026-03-04 17:18:45.639900+00:00
18,TRY,2026-02-21,USD,63.924747,0.015643,synthetic_random,2026-03-04 17:18:45.639908+00:00
18,TRY,2026-02-22,USD,54.954911,0.018197,synthetic_random,2026-03-04 17:18:45.639916+00:00
18,TRY,2026-02-23,USD,14.89193,0.06715,synthetic_random,2026-03-04 17:18:45.639924+00:00
18,TRY,2026-02-24,USD,115.92095,0.008627,synthetic_random,2026-03-04 17:18:45.639931+00:00
18,TRY,2026-02-25,USD,120.895079,0.008272,synthetic_random,2026-03-04 17:18:45.639938+00:00
18,TRY,2026-02-26,USD,149.163152,0.006704,synthetic_random,2026-03-04 17:18:45.639946+00:00
18,TRY,2026-02-27,USD,14.949696,0.066891,synthetic_random,2026-03-04 17:18:45.639953+00:00
18,TRY,2026-02-28,USD,24.388491,0.041003,synthetic_random,2026-03-04 17:18:45.639960+00:00
18,TRY,2026-03-01,USD,44.03624,0.022709,synthetic_random,2026-03-04 17:18:45.639968+00:00
18,TRY,2026-03-02,USD,75.297687,0.013281,synthetic_random,2026-03-04 17:18:45.639979+00:00
18,TRY,2026-03-03,USD,44.060769,0.022696,synthetic_random,2026-03-04 17:18:45.639994+00:00
18,TRY,2026-03-04,USD,4.42841,0.225815,synthetic_random,2026-03-04 17:18:45.640002+00:00
19,MXN,2026-01-04,USD,50.01091,0.019996,synthetic_random,2026-03-04 17:18:45.640077+00:00
19,MXN,2026-01-05,USD,77.236495,0.012947,synthetic_random,2026-03-04 17:18:45.640085+00:00
19,MXN,2026-01-06,USD,89.042066,0.011231,synthetic_random,2026-03-04 17:18:45.640093+00:00
19,MXN,2026-01-07,USD,98.405735,0.010162,synthetic_random,2026-03-04 17:18:45.640111+00:00
19,MXN,2026-01-08,USD,13.073759,0.076489,synthetic_random,2026-03-04 17:18:45.640124+00:00
19,MXN,2026-01-09,USD,104.955799,0.009528,synthetic_random,2026-03-04 17:18:45.640135+00:00
19,MXN,2026-01-10,USD,146.640296,0.006819,synthetic_random,2026-03-04 17:18:45.640143+00:00
19,MXN,2026-01-11,USD,144.801125,0.006906,synthetic_random,2026-03-04 17:18:45.640151+00:00
19,MXN,2026-01-12,USD,23.946915,0.041759,synthetic_random,2026-03-04 17:18:45.640173+00:00
19,MXN,2026-01-13,USD,76.098793,0.013141,synthetic_random,2026-03-04 17:18:45.640181+00:00
19,MXN,2026-01-14,USD,58.205427,0.017181,synthetic_random,2026-03-04 17:18:45.640188+00:00
19,MXN,2026-01-15,USD,89.986595,0.011113,synthetic_random,2026-03-04 17:18:45.640196+00:00
19,MXN,2026-01-16,USD,122.120269,0.008189,synthetic_random,2026-03-04 17:18:45.640203+00:00
19,MXN,2026-01-17,USD,135.67061,0.007371,synthetic_random,2026-03-04 17:18:45.640211+00:00
19,MXN,2026-01-18,USD,69.681893,0.014351,synthetic_random,2026-03-04 17:18:45.640218+00:00
19,MXN,2026-01-19,USD,23.538276,0.042484,synthetic_random,2026-03-04 17:18:45.640232+00:00
19,MXN,2026-01-20,USD,19.128144,0.052279,synthetic_random,2026-03-04 17:18:45.640240+00:00
19,MXN,2026-01-21,USD,149.508548,0.006689,synthetic_random,2026-03-04 17:18:45.640247+00:00
19,MXN,2026-01-22,USD,35.267056,0.028355,synthetic_random,2026-03-04 17:18:45.640255+00:00
19,MXN,2026-01-23,USD,103.682637,0.009645,synthetic_random,2026-03-04 17:18:45.640262+00:00
19,MXN,2026-01-24,USD,67.983637,0.014709,synthetic_random,2026-03-04 17:18:45.640269+00:00
19,MXN,2026-01-25,USD,49.474131,0.020213,synthetic_random,2026-03-04 17:18:45.640281+00:00
19,MXN,2026-01-26,USD,44.463948,0.02249,synthetic_random,2026-03-04 17:18:45.640289+00:00
19,MXN,2026-01-27,USD,77.437099,0.012914,synthetic_random,2026-03-04 17:18:45.640297+00:00
19,MXN,2026-01-28,USD,33.768814,0.029613,synthetic_random,2026-03-04 17:18:45.640304+00:00
19,MXN,2026-01-29,USD,128.809469,0.007763,synthetic_random,2026-03-04 17:18:45.640311+00:00
19,MXN,2026-01-30,USD,20.697272,0.048316,synthetic_random,2026-03-04 17:18:45.640318+00:00
19,MXN,2026-01-31,USD,138.774539,0.007206,synthetic_random,2026-03-04 17:18:45.640326+00:00
19,MXN,2026-02-01,USD,40.106586,0.024934,synthetic_random,2026-03-04 17:18:45.640333+00:00
19,MXN,2026-02-02,USD,134.944986,0.00741,synthetic_random,2026-03-04 17:18:45.640341+00:00
19,MXN,2026-02-03,USD,67.955569,0.014715,synthetic_random,2026-03-04 17:18:45.640348+00:00
19,MXN,2026-02-04,USD,110.37276,0.00906,synthetic_random,2026-03-04 17:18:45.640355+00:00
19,MXN,2026-02-05,USD,3.413693,0.292938,synthetic_random,2026-03-04 17:18:45.640363+00:00
19,MXN,2026-02-06,USD,32.11733,0.031136,synthetic_random,2026-03-04 17:18:45.640370+00:00
19,MXN,2026-02-07,USD,57.319727,0.017446,synthetic_random,2026-03-04 17:18:45.640386+00:00
19,MXN,2026-02-08,USD,62.962465,0.015882,synthetic_random,2026-03-04 17:18:45.640398+00:00
19,MXN,2026-02-09,USD,100.751132,0.009925,synthetic_random,2026-03-04 17:18:45.640409+00:00
19,MXN,2026-02-10,USD,74.151609,0.013486,synthetic_random,2026-03-04 17:18:45.640417+00:00
19,MXN,2026-02-11,USD,75.049108,0.013325,synthetic_random,2026-03-04 17:18:45.640425+00:00
19,MXN,2026-02-12,USD,5.745375,0.174053,synthetic_random,2026-03-04 17:18:45.640433+00:00
19,MXN,2026-02-13,USD,141.03233,0.007091,synthetic_random,2026-03-04 17:18:45.640448+00:00
19,MXN,2026-02-14,USD,99.513072,0.010049,synthetic_random,2026-03-04 17:18:45.640459+00:00
19,MXN,2026-02-15,USD,94.244347,0.010611,synthetic_random,2026-03-04 17:18:45.640467+00:00
19,MXN,2026-02-16,USD,83.418823,0.011988,synthetic_random,2026-03-04 17:18:45.640476+00:00
19,MXN,2026-02-17,USD,26.011051,0.038445,synthetic_random,2026-03-04 17:18:45.640483+00:00
19,MXN,2026-02-18,USD,132.095611,0.00757,synthetic_random,2026-03-04 17:18:45.640491+00:00
19,MXN,2026-02-19,USD,133.810835,0.007473,synthetic_random,2026-03-04 17:18:45.640498+00:00
19,MXN,2026-02-20,USD,13.174062,0.075907,synthetic_random,2026-03-04 17:18:45.640505+00:00
19,MXN,2026-02-21,USD,38.475065,0.025991,synthetic_random,2026-03-04 17:18:45.640513+00:00
19,MXN,2026-02-22,USD,92.967205,0.010756,synthetic_random,2026-03-04 17:18:45.640520+00:00
19,MXN,2026-02-23,USD,1.640736,0.609483,synthetic_random,2026-03-04 17:18:45.640528+00:00
19,MXN,2026-02-24,USD,128.764436,0.007766,synthetic_random,2026-03-04 17:18:45.640535+00:00
19,MXN,2026-02-25,USD,138.990667,0.007195,synthetic_random,2026-03-04 17:18:45.640546+00:00
19,MXN,2026-02-26,USD,125.114472,0.007993,synthetic_random,2026-03-04 17:18:45.640555+00:00
19,MXN,2026-02-27,USD,4.595341,0.217612,synthetic_random,2026-03-04 17:18:45.640563+00:00
19,MXN,2026-02-28,USD,89.403565,0.011185,synthetic_random,2026-03-04 17:18:45.640570+00:00
19,MXN,2026-03-01,USD,114.039185,0.008769,synthetic_random,2026-03-04 17:18:45.640578+00:00
19,MXN,2026-03-02,USD,9.220946,0.108449,synthetic_random,2026-03-04 17:18:45.640587+00:00
19,MXN,2026-03-03,USD,134.845106,0.007416,synthetic_random,2026-03-04 17:18:45.640595+00:00
19,MXN,2026-03-04,USD,127.443741,0.007847,synthetic_random,2026-03-04 17:18:45.640602+00:00
20,BRL,2026-01-04,USD,31.181219,0.032071,synthetic_random,2026-03-04 17:18:45.640671+00:00
20,BRL,2026-01-05,USD,8.306076,0.120394,synthetic_random,2026-03-04 17:18:45.640679+00:00
20,BRL,2026-01-06,USD,4.52698,0.220898,synthetic_random,2026-03-04 17:18:45.640687+00:00
20,BRL,2026-01-07,USD,94.227821,0.010613,synthetic_random,2026-03-04 17:18:45.640694+00:00
20,BRL,2026-01-08,USD,136.612105,0.00732,synthetic_random,2026-03-04 17:18:45.640701+00:00
20,BRL,2026-01-09,USD,6.479937,0.154322,synthetic_random,2026-03-04 17:18:45.640709+00:00
20,BRL,2026-01-10,USD,13.071994,0.076499,synthetic_random,2026-03-04 17:18:45.640716+00:00
20,BRL,2026-01-11,USD,109.281034,0.009151,synthetic_random,2026-03-04 17:18:45.640736+00:00
20,BRL,2026-01-12,USD,36.376217,0.02749,synthetic_random,2026-03-04 17:18:45.640748+00:00
20,BRL,2026-01-13,USD,47.018776,0.021268,synthetic_random,2026-03-04 17:18:45.640757+00:00
20,BRL,2026-01-14,USD,30.362799,0.032935,synthetic_random,2026-03-04 17:18:45.640770+00:00
20,BRL,2026-01-15,USD,11.57614,0.086385,synthetic_random,2026-03-04 17:18:45.640777+00:00
20,BRL,2026-01-16,USD,18.866967,0.053003,synthetic_random,2026-03-04 17:18:45.640789+00:00
20,BRL,2026-01-17,USD,70.628603,0.014159,synthetic_random,2026-03-04 17:18:45.640796+00:00
20,BRL,2026-01-18,USD,119.491522,0.008369,synthetic_random,2026-03-04 17:18:45.640803+00:00
20,BRL,2026-01-19,USD,105.826067,0.009449,synthetic_random,2026-03-04 17:18:45.640811+00:00
20,BRL,2026-01-20,USD,71.538924,0.013978,synthetic_random,2026-03-04 17:18:45.640821+00:00
20,BRL,2026-01-21,USD,48.558277,0.020594,synthetic_random,2026-03-04 17:18:45.640833+00:00
20,BRL,2026-01-22,USD,119.776184,0.008349,synthetic_random,2026-03-04 17:18:45.640844+00:00
20,BRL,2026-01-23,USD,54.535087,0.018337,synthetic_random,2026-03-04 17:18:45.640852+00:00
20,BRL,2026-01-24,USD,22.877846,0.04371,synthetic_random,2026-03-04 17:18:45.640859+00:00
20,BRL,2026-01-25,USD,144.301672,0.00693,synthetic_random,2026-03-04 17:18:45.640870+00:00
20,BRL,2026-01-26,USD,147.079071,0.006799,synthetic_random,2026-03-04 17:18:45.640877+00:00
20,BRL,2026-01-27,USD,100.183893,0.009982,synthetic_random,2026-03-04 17:18:45.640891+00:00
20,BRL,2026-01-28,USD,69.32764,0.014424,synthetic_random,2026-03-04 17:18:45.640900+00:00
20,BRL,2026-01-29,USD,100.775897,0.009923,synthetic_random,2026-03-04 17:18:45.640909+00:00
20,BRL,2026-01-30,USD,105.809365,0.009451,synthetic_random,2026-03-04 17:18:45.640916+00:00
20,BRL,2026-01-31,USD,70.821247,0.01412,synthetic_random,2026-03-04 17:18:45.640923+00:00
20,BRL,2026-02-01,USD,98.92101,0.010109,synthetic_random,2026-03-04 17:18:45.640931+00:00
20,BRL,2026-02-02,USD,2.765529,0.361594,synthetic_random,2026-03-04 17:18:45.640942+00:00
20,BRL,2026-02-03,USD,131.072838,0.007629,synthetic_random,2026-03-04 17:18:45.640950+00:00
20,BRL,2026-02-04,USD,138.215329,0.007235,synthetic_random,2026-03-04 17:18:45.640957+00:00
20,BRL,2026-02-05,USD,33.918154,0.029483,synthetic_random,2026-03-04 17:18:45.640965+00:00
20,BRL,2026-02-06,USD,16.546825,0.060435,synthetic_random,2026-03-04 17:18:45.640972+00:00
20,BRL,2026-02-07,USD,8.996115,0.111159,synthetic_random,2026-03-04 17:18:45.640979+00:00
20,BRL,2026-02-08,USD,124.561941,0.008028,synthetic_random,2026-03-04 17:18:45.640987+00:00
20,BRL,2026-02-09,USD,23.489317,0.042573,synthetic_random,2026-03-04 17:18:45.640994+00:00
20,BRL,2026-02-10,USD,7.49224,0.133471,synthetic_random,2026-03-04 17:18:45.641001+00:00
20,BRL,2026-02-11,USD,42.376793,0.023598,synthetic_random,2026-03-04 17:18:45.641009+00:00
20,BRL,2026-02-12,USD,132.505403,0.007547,synthetic_random,2026-03-04 17:18:45.641016+00:00
20,BRL,2026-02-13,USD,114.272561,0.008751,synthetic_random,2026-03-04 17:18:45.641024+00:00
20,BRL,2026-02-14,USD,51.857651,0.019284,synthetic_random,2026-03-04 17:18:45.641031+00:00
20,BRL,2026-02-15,USD,9.774723,0.102305,synthetic_random,2026-03-04 17:18:45.641038+00:00
20,BRL,2026-02-16,USD,36.659285,0.027278,synthetic_random,2026-03-04 17:18:45.641046+00:00
20,BRL,2026-02-17,USD,79.403407,0.012594,synthetic_random,2026-03-04 17:18:45.641057+00:00
20,BRL,2026-02-18,USD,96.851647,0.010325,synthetic_random,2026-03-04 17:18:45.641065+00:00
20,BRL,2026-02-19,USD,77.071246,0.012975,synthetic_random,2026-03-04 17:18:45.641072+00:00
20,BRL,2026-02-20,USD,137.029223,0.007298,synthetic_random,2026-03-04 17:18:45.641085+00:00
20,BRL,2026-02-21,USD,48.928694,0.020438,synthetic_random,2026-03-04 17:18:45.641093+00:00
20,BRL,2026-02-22,USD,116.475492,0.008585,synthetic_random,2026-03-04 17:18:45.641100+00:00
20,BRL,2026-02-23,USD,81.720713,0.012237,synthetic_random,2026-03-04 17:18:45.641108+00:00
20,BRL,2026-02-24,USD,23.41126,0.042714,synthetic_random,2026-03-04 17:18:45.641115+00:00
20,BRL,2026-02-25,USD,120.55505,0.008295,synthetic_random,2026-03-04 17:18:45.641125+00:00
20,BRL,2026-02-26,USD,95.187071,0.010506,synthetic_random,2026-03-04 17:18:45.641137+00:00
20,BRL,2026-02-27,USD,32.29916,0.030961,synthetic_random,2026-03-04 17:18:45.641149+00:00
20,BRL,2026-02-28,USD,87.810583,0.011388,synthetic_random,2026-03-04 17:18:45.641162+00:00
20,BRL,2026-03-01,USD,104.930727,0.00953,synthetic_random,2026-03-04 17:18:45.641176+00:00
20,BRL,2026-03-02,USD,76.600006,0.013055,synthetic_random,2026-03-04 17:18:45.641188+00:00
20,BRL,2026-03-03,USD,83.803997,0.011933,synthetic_random,2026-03-04 17:18:45.641196+00:00
20,BRL,2026-03-04,USD,30.974345,0.032285,synthetic_random,2026-03-04 17:18:45.641203+00:00
21,ZAR,2026-01-04,USD,129.738105,0.007708,synthetic_random,2026-03-04 17:18:45.641291+00:00
21,ZAR,2026-01-05,USD,108.633559,0.009205,synthetic_random,2026-03-04 17:18:45.641301+00:00
21,ZAR,2026-01-06,USD,23.225196,0.043057,synthetic_random,2026-03-04 17:18:45.641309+00:00
21,ZAR,2026-01-07,USD,27.008248,0.037026,synthetic_random,2026-03-04 17:18:45.641316+00:00
21,ZAR,2026-01-08,USD,142.859544,0.007,synthetic_random,2026-03-04 17:18:45.641324+00:00
21,ZAR,2026-01-09,USD,141.978953,0.007043,synthetic_random,2026-03-04 17:18:45.641346+00:00
21,ZAR,2026-01-10,USD,129.000363,0.007752,synthetic_random,2026-03-04 17:18:45.641365+00:00
21,ZAR,2026-01-11,USD,11.991392,0.083393,synthetic_random,2026-03-04 17:18:45.641374+00:00
21,ZAR,2026-01-12,USD,135.198878,0.007397,synthetic_random,2026-03-04 17:18:45.641381+00:00
21,ZAR,2026-01-13,USD,111.559833,0.008964,synthetic_random,2026-03-04 17:18:45.641389+00:00
21,ZAR,2026-01-14,USD,59.588539,0.016782,synthetic_random,2026-03-04 17:18:45.641397+00:00
21,ZAR,2026-01-15,USD,83.56115,0.011967,synthetic_random,2026-03-04 17:18:45.641411+00:00
21,ZAR,2026-01-16,USD,115.616661,0.008649,synthetic_random,2026-03-04 17:18:45.641424+00:00
21,ZAR,2026-01-17,USD,149.217925,0.006702,synthetic_random,2026-03-04 17:18:45.641436+00:00
21,ZAR,2026-01-18,USD,102.17215,0.009787,synthetic_random,2026-03-04 17:18:45.641446+00:00
21,ZAR,2026-01-19,USD,49.036213,0.020393,synthetic_random,2026-03-04 17:18:45.641454+00:00
21,ZAR,2026-01-20,USD,37.8456,0.026423,synthetic_random,2026-03-04 17:18:45.641867+00:00
21,ZAR,2026-01-21,USD,87.71394,0.011401,synthetic_random,2026-03-04 17:18:45.641892+00:00
21,ZAR,2026-01-22,USD,97.098133,0.010299,synthetic_random,2026-03-04 17:18:45.641903+00:00
21,ZAR,2026-01-23,USD,135.412618,0.007385,synthetic_random,2026-03-04 17:18:45.641920+00:00
21,ZAR,2026-01-24,USD,118.545319,0.008436,synthetic_random,2026-03-04 17:18:45.641933+00:00
21,ZAR,2026-01-25,USD,109.087398,0.009167,synthetic_random,2026-03-04 17:18:45.641945+00:00
21,ZAR,2026-01-26,USD,87.965724,0.011368,synthetic_random,2026-03-04 17:18:45.641956+00:00
21,ZAR,2026-01-27,USD,128.78353,0.007765,synthetic_random,2026-03-04 17:18:45.641982+00:00
21,ZAR,2026-01-28,USD,144.971318,0.006898,synthetic_random,2026-03-04 17:18:45.641995+00:00
21,ZAR,2026-01-29,USD,40.967174,0.02441,synthetic_random,2026-03-04 17:18:45.642007+00:00
21,ZAR,2026-01-30,USD,76.252925,0.013114,synthetic_random,2026-03-04 17:18:45.642019+00:00
21,ZAR,2026-01-31,USD,47.840518,0.020903,synthetic_random,2026-03-04 17:18:45.642030+00:00
21,ZAR,2026-02-01,USD,147.31449,0.006788,synthetic_random,2026-03-04 17:18:45.642044+00:00
21,ZAR,2026-02-02,USD,119.509353,0.008368,synthetic_random,2026-03-04 17:18:45.642059+00:00
21,ZAR,2026-02-03,USD,70.420434,0.0142,synthetic_random,2026-03-04 17:18:45.642067+00:00
21,ZAR,2026-02-04,USD,130.204956,0.00768,synthetic_random,2026-03-04 17:18:45.642074+00:00
21,ZAR,2026-02-05,USD,35.919286,0.02784,synthetic_random,2026-03-04 17:18:45.642082+00:00
21,ZAR,2026-02-06,USD,4.440299,0.22521,synthetic_random,2026-03-04 17:18:45.642089+00:00
21,ZAR,2026-02-07,USD,92.995105,0.010753,synthetic_random,2026-03-04 17:18:45.642097+00:00
21,ZAR,2026-02-08,USD,43.105097,0.023199,synthetic_random,2026-03-04 17:18:45.642104+00:00
21,ZAR,2026-02-09,USD,58.078276,0.017218,synthetic_random,2026-03-04 17:18:45.642112+00:00
21,ZAR,2026-02-10,USD,1.91066,0.523379,synthetic_random,2026-03-04 17:18:45.642121+00:00
21,ZAR,2026-02-11,USD,148.243496,0.006746,synthetic_random,2026-03-04 17:18:45.642129+00:00
21,ZAR,2026-02-12,USD,61.603408,0.016233,synthetic_random,2026-03-04 17:18:45.642136+00:00
21,ZAR,2026-02-13,USD,75.904016,0.013175,synthetic_random,2026-03-04 17:18:45.642144+00:00
21,ZAR,2026-02-14,USD,127.256442,0.007858,synthetic_random,2026-03-04 17:18:45.642151+00:00
21,ZAR,2026-02-15,USD,44.177997,0.022636,synthetic_random,2026-03-04 17:18:45.642165+00:00
21,ZAR,2026-02-16,USD,17.034489,0.058704,synthetic_random,2026-03-04 17:18:45.642173+00:00
21,ZAR,2026-02-17,USD,86.176133,0.011604,synthetic_random,2026-03-04 17:18:45.642180+00:00
21,ZAR,2026-02-18,USD,146.885437,0.006808,synthetic_random,2026-03-04 17:18:45.642205+00:00
21,ZAR,2026-02-19,USD,105.461058,0.009482,synthetic_random,2026-03-04 17:18:45.642213+00:00
21,ZAR,2026-02-20,USD,55.972354,0.017866,synthetic_random,2026-03-04 17:18:45.642220+00:00
21,ZAR,2026-02-21,USD,143.89148,0.00695,synthetic_random,2026-03-04 17:18:45.642233+00:00
21,ZAR,2026-02-22,USD,53.857497,0.018568,synthetic_random,2026-03-04 17:18:45.642245+00:00
21,ZAR,2026-02-23,USD,94.480131,0.010584,synthetic_random,2026-03-04 17:18:45.642252+00:00
21,ZAR,2026-02-24,USD,11.819653,0.084605,synthetic_random,2026-03-04 17:18:45.642261+00:00
21,ZAR,2026-02-25,USD,137.623126,0.007266,synthetic_random,2026-03-04 17:18:45.642269+00:00
21,ZAR,2026-02-26,USD,57.494567,0.017393,synthetic_random,2026-03-04 17:18:45.642276+00:00
21,ZAR,2026-02-27,USD,72.279391,0.013835,synthetic_random,2026-03-04 17:18:45.642284+00:00
21,ZAR,2026-02-28,USD,85.937966,0.011636,synthetic_random,2026-03-04 17:18:45.642291+00:00
21,ZAR,2026-03-01,USD,22.426409,0.04459,synthetic_random,2026-03-04 17:18:45.642299+00:00
21,ZAR,2026-03-02,USD,64.702131,0.015455,synthetic_random,2026-03-04 17:18:45.642306+00:00
21,ZAR,2026-03-03,USD,37.903693,0.026383,synthetic_random,2026-03-04 17:18:45.642314+00:00
21,ZAR,2026-03-04,USD,0.680258,1.47003,synthetic_random,2026-03-04 17:18:45.642321+00:00
22,INR,2026-01-04,USD,54.990967,0.018185,synthetic_random,2026-03-04 17:18:45.642412+00:00
22,INR,2026-01-05,USD,99.23814,0.010077,synthetic_random,2026-03-04 17:18:45.642421+00:00
22,INR,2026-01-06,USD,28.854869,0.034656,synthetic_random,2026-03-04 17:18:45.642429+00:00
22,INR,2026-01-07,USD,19.126074,0.052285,synthetic_random,2026-03-04 17:18:45.642436+00:00
22,INR,2026-01-08,USD,9.790905,0.102136,synthetic_random,2026-03-04 17:18:45.642443+00:00
22,INR,2026-01-09,USD,94.334561,0.010601,synthetic_random,2026-03-04 17:18:45.642451+00:00
22,INR,2026-01-10,USD,91.68199,0.010907,synthetic_random,2026-03-04 17:18:45.642458+00:00
22,INR,2026-01-11,USD,111.559276,0.008964,synthetic_random,2026-03-04 17:18:45.642465+00:00
22,INR,2026-01-12,USD,14.409261,0.0694,synthetic_random,2026-03-04 17:18:45.642474+00:00
22,INR,2026-01-13,USD,135.649333,0.007372,synthetic_random,2026-03-04 17:18:45.642485+00:00
22,INR,2026-01-14,USD,98.939881,0.010107,synthetic_random,2026-03-04 17:18:45.682847+00:00
22,INR,2026-01-15,USD,58.693656,0.017038,synthetic_random,2026-03-04 17:18:45.682902+00:00
22,INR,2026-01-16,USD,23.106727,0.043277,synthetic_random,2026-03-04 17:18:45.682941+00:00
22,INR,2026-01-17,USD,80.978898,0.012349,synthetic_random,2026-03-04 17:18:45.682958+00:00
22,INR,2026-01-18,USD,116.132574,0.008611,synthetic_random,2026-03-04 17:18:45.682973+00:00
22,INR,2026-01-19,USD,100.818349,0.009919,synthetic_random,2026-03-04 17:18:45.683005+00:00
22,INR,2026-01-20,USD,124.087402,0.008059,synthetic_random,2026-03-04 17:18:45.683014+00:00
22,INR,2026-01-21,USD,61.65556,0.016219,synthetic_random,2026-03-04 17:18:45.683025+00:00
22,INR,2026-01-22,USD,100.381134,0.009962,synthetic_random,2026-03-04 17:18:45.683058+00:00
22,INR,2026-01-23,USD,10.363508,0.096492,synthetic_random,2026-03-04 17:18:45.683069+00:00
22,INR,2026-01-24,USD,135.963819,0.007355,synthetic_random,2026-03-04 17:18:45.683082+00:00
22,INR,2026-01-25,USD,26.681162,0.03748,synthetic_random,2026-03-04 17:18:45.683093+00:00
22,INR,2026-01-26,USD,85.442079,0.011704,synthetic_random,2026-03-04 17:18:45.683105+00:00
22,INR,2026-01-27,USD,63.958821,0.015635,synthetic_random,2026-03-04 17:18:45.683117+00:00
22,INR,2026-01-28,USD,56.330701,0.017752,synthetic_random,2026-03-04 17:18:45.683128+00:00
22,INR,2026-01-29,USD,92.94017,0.01076,synthetic_random,2026-03-04 17:18:45.683140+00:00
22,INR,2026-01-30,USD,126.690558,0.007893,synthetic_random,2026-03-04 17:18:45.683153+00:00
22,INR,2026-01-31,USD,30.360003,0.032938,synthetic_random,2026-03-04 17:18:45.683164+00:00
22,INR,2026-02-01,USD,108.494368,0.009217,synthetic_random,2026-03-04 17:18:45.683172+00:00
22,INR,2026-02-02,USD,45.972248,0.021752,synthetic_random,2026-03-04 17:18:45.683179+00:00
22,INR,2026-02-03,USD,105.954089,0.009438,synthetic_random,2026-03-04 17:18:45.683187+00:00
22,INR,2026-02-04,USD,49.941486,0.020023,synthetic_random,2026-03-04 17:18:45.683200+00:00
22,INR,2026-02-05,USD,32.197532,0.031058,synthetic_random,2026-03-04 17:18:45.683208+00:00
22,INR,2026-02-06,USD,75.208269,0.013296,synthetic_random,2026-03-04 17:18:45.683221+00:00
22,INR,2026-02-07,USD,124.48413,0.008033,synthetic_random,2026-03-04 17:18:45.683248+00:00
22,INR,2026-02-08,USD,16.403882,0.060961,synthetic_random,2026-03-04 17:18:45.683261+00:00
22,INR,2026-02-09,USD,105.363173,0.009491,synthetic_random,2026-03-04 17:18:45.683269+00:00
22,INR,2026-02-10,USD,55.0363,0.01817,synthetic_random,2026-03-04 17:18:45.683287+00:00
22,INR,2026-02-11,USD,28.938705,0.034556,synthetic_random,2026-03-04 17:18:45.683295+00:00
22,INR,2026-02-12,USD,100.428062,0.009957,synthetic_random,2026-03-04 17:18:45.683304+00:00
22,INR,2026-02-13,USD,90.784396,0.011015,synthetic_random,2026-03-04 17:18:45.683318+00:00
22,INR,2026-02-14,USD,59.442739,0.016823,synthetic_random,2026-03-04 17:18:45.683328+00:00
22,INR,2026-02-15,USD,141.246406,0.00708,synthetic_random,2026-03-04 17:18:45.683336+00:00
22,INR,2026-02-16,USD,97.802213,0.010225,synthetic_random,2026-03-04 17:18:45.683343+00:00
22,INR,2026-02-17,USD,125.840886,0.007947,synthetic_random,2026-03-04 17:18:45.683351+00:00
22,INR,2026-02-18,USD,13.957613,0.071645,synthetic_random,2026-03-04 17:18:45.683358+00:00
22,INR,2026-02-19,USD,90.088902,0.0111,synthetic_random,2026-03-04 17:18:45.683367+00:00
22,INR,2026-02-20,USD,4.090422,0.244474,synthetic_random,2026-03-04 17:18:45.683375+00:00
22,INR,2026-02-21,USD,91.519422,0.010927,synthetic_random,2026-03-04 17:18:45.683382+00:00
22,INR,2026-02-22,USD,1.586992,0.630123,synthetic_random,2026-03-04 17:18:45.683394+00:00
22,INR,2026-02-23,USD,45.033225,0.022206,synthetic_random,2026-03-04 17:18:45.683406+00:00
22,INR,2026-02-24,USD,92.624291,0.010796,synthetic_random,2026-03-04 17:18:45.683414+00:00
22,INR,2026-02-25,USD,104.992084,0.009525,synthetic_random,2026-03-04 17:18:45.683427+00:00
22,INR,2026-02-26,USD,101.846398,0.009819,synthetic_random,2026-03-04 17:18:45.683434+00:00
22,INR,2026-02-27,USD,20.518397,0.048737,synthetic_random,2026-03-04 17:18:45.683442+00:00
22,INR,2026-02-28,USD,102.085534,0.009796,synthetic_random,2026-03-04 17:18:45.683456+00:00
22,INR,2026-03-01,USD,70.575187,0.014169,synthetic_random,2026-03-04 17:18:45.683464+00:00
22,INR,2026-03-02,USD,115.977403,0.008622,synthetic_random,2026-03-04 17:18:45.683476+00:00
22,INR,2026-03-03,USD,41.783809,0.023933,synthetic_random,2026-03-04 17:18:45.683488+00:00
22,INR,2026-03-04,USD,8.286411,0.12068,synthetic_random,2026-03-04 17:18:45.683499+00:00
23,KRW,2026-01-04,USD,24.971643,0.040045,synthetic_random,2026-03-04 17:18:45.683646+00:00
23,KRW,2026-01-05,USD,112.785192,0.008866,synthetic_random,2026-03-04 17:18:45.683661+00:00
23,KRW,2026-01-06,USD,13.783503,0.07255,synthetic_random,2026-03-04 17:18:45.683670+00:00
23,KRW,2026-01-07,USD,16.978954,0.058896,synthetic_random,2026-03-04 17:18:45.683678+00:00
23,KRW,2026-01-08,USD,52.683465,0.018981,synthetic_random,2026-03-04 17:18:45.683685+00:00
23,KRW,2026-01-09,USD,87.587726,0.011417,synthetic_random,2026-03-04 17:18:45.683696+00:00
23,KRW,2026-01-10,USD,39.768561,0.025145,synthetic_random,2026-03-04 17:18:45.683703+00:00
23,KRW,2026-01-11,USD,139.137137,0.007187,synthetic_random,2026-03-04 17:18:45.683711+00:00
23,KRW,2026-01-12,USD,103.252923,0.009685,synthetic_random,2026-03-04 17:18:45.683720+00:00
23,KRW,2026-01-13,USD,3.078486,0.324835,synthetic_random,2026-03-04 17:18:45.683733+00:00
23,KRW,2026-01-14,USD,116.356368,0.008594,synthetic_random,2026-03-04 17:18:45.683744+00:00
23,KRW,2026-01-15,USD,93.35021,0.010712,synthetic_random,2026-03-04 17:18:45.683752+00:00
23,KRW,2026-01-16,USD,89.246269,0.011205,synthetic_random,2026-03-04 17:18:45.683759+00:00
23,KRW,2026-01-17,USD,127.913133,0.007818,synthetic_random,2026-03-04 17:18:45.683776+00:00
23,KRW,2026-01-18,USD,135.88217,0.007359,synthetic_random,2026-03-04 17:18:45.683791+00:00
23,KRW,2026-01-19,USD,3.744349,0.267069,synthetic_random,2026-03-04 17:18:45.683804+00:00
23,KRW,2026-01-20,USD,63.693394,0.0157,synthetic_random,2026-03-04 17:18:45.683816+00:00
23,KRW,2026-01-21,USD,68.820145,0.014531,synthetic_random,2026-03-04 17:18:45.683828+00:00
23,KRW,2026-01-22,USD,19.084778,0.052398,synthetic_random,2026-03-04 17:18:45.683840+00:00
23,KRW,2026-01-23,USD,102.823768,0.009725,synthetic_random,2026-03-04 17:18:45.683858+00:00
23,KRW,2026-01-24,USD,107.151966,0.009333,synthetic_random,2026-03-04 17:18:45.683869+00:00
23,KRW,2026-01-25,USD,137.412481,0.007277,synthetic_random,2026-03-04 17:18:45.683880+00:00
23,KRW,2026-01-26,USD,127.965187,0.007815,synthetic_random,2026-03-04 17:18:45.683888+00:00
23,KRW,2026-01-27,USD,66.619923,0.015011,synthetic_random,2026-03-04 17:18:45.683895+00:00
23,KRW,2026-01-28,USD,137.59539,0.007268,synthetic_random,2026-03-04 17:18:45.683907+00:00
23,KRW,2026-01-29,USD,73.895963,0.013533,synthetic_random,2026-03-04 17:18:45.683916+00:00
23,KRW,2026-01-30,USD,135.546002,0.007378,synthetic_random,2026-03-04 17:18:45.683923+00:00
23,KRW,2026-01-31,USD,36.815548,0.027162,synthetic_random,2026-03-04 17:18:45.683930+00:00
23,KRW,2026-02-01,USD,87.142236,0.011475,synthetic_random,2026-03-04 17:18:45.683938+00:00
23,KRW,2026-02-02,USD,75.560088,0.013235,synthetic_random,2026-03-04 17:18:45.683945+00:00
23,KRW,2026-02-03,USD,95.111342,0.010514,synthetic_random,2026-03-04 17:18:45.683952+00:00
23,KRW,2026-02-04,USD,129.566202,0.007718,synthetic_random,2026-03-04 17:18:45.683964+00:00
23,KRW,2026-02-05,USD,69.994375,0.014287,synthetic_random,2026-03-04 17:18:45.683972+00:00
23,KRW,2026-02-06,USD,62.348525,0.016039,synthetic_random,2026-03-04 17:18:45.683979+00:00
23,KRW,2026-02-07,USD,36.603652,0.02732,synthetic_random,2026-03-04 17:18:45.683986+00:00
23,KRW,2026-02-08,USD,135.180267,0.007398,synthetic_random,2026-03-04 17:18:45.683994+00:00
23,KRW,2026-02-09,USD,54.053971,0.0185,synthetic_random,2026-03-04 17:18:45.684001+00:00
23,KRW,2026-02-10,USD,68.664712,0.014564,synthetic_random,2026-03-04 17:18:45.684011+00:00
23,KRW,2026-02-11,USD,109.457792,0.009136,synthetic_random,2026-03-04 17:18:45.684018+00:00
23,KRW,2026-02-12,USD,92.546711,0.010805,synthetic_random,2026-03-04 17:18:45.684025+00:00
23,KRW,2026-02-13,USD,66.66862,0.015,synthetic_random,2026-03-04 17:18:45.684033+00:00
23,KRW,2026-02-14,USD,77.365275,0.012926,synthetic_random,2026-03-04 17:18:45.684041+00:00
23,KRW,2026-02-15,USD,148.667647,0.006726,synthetic_random,2026-03-04 17:18:45.684049+00:00
23,KRW,2026-02-16,USD,113.701216,0.008795,synthetic_random,2026-03-04 17:18:45.684056+00:00
23,KRW,2026-02-17,USD,71.765858,0.013934,synthetic_random,2026-03-04 17:18:45.684064+00:00
23,KRW,2026-02-18,USD,149.288739,0.006698,synthetic_random,2026-03-04 17:18:45.684071+00:00
23,KRW,2026-02-19,USD,122.381283,0.008171,synthetic_random,2026-03-04 17:18:45.684078+00:00
23,KRW,2026-02-20,USD,106.718816,0.00937,synthetic_random,2026-03-04 17:18:45.684086+00:00
23,KRW,2026-02-21,USD,146.911973,0.006807,synthetic_random,2026-03-04 17:18:45.684093+00:00
23,KRW,2026-02-22,USD,35.370109,0.028272,synthetic_random,2026-03-04 17:18:45.684100+00:00
23,KRW,2026-02-23,USD,73.315757,0.01364,synthetic_random,2026-03-04 17:18:45.684112+00:00
23,KRW,2026-02-24,USD,42.446636,0.023559,synthetic_random,2026-03-04 17:18:45.684120+00:00
23,KRW,2026-02-25,USD,34.407163,0.029064,synthetic_random,2026-03-04 17:18:45.684127+00:00
23,KRW,2026-02-26,USD,136.398741,0.007331,synthetic_random,2026-03-04 17:18:45.684134+00:00
23,KRW,2026-02-27,USD,19.143384,0.052237,synthetic_random,2026-03-04 17:18:45.684142+00:00
23,KRW,2026-02-28,USD,2.931546,0.341117,synthetic_random,2026-03-04 17:18:45.684149+00:00
23,KRW,2026-03-01,USD,10.343976,0.096675,synthetic_random,2026-03-04 17:18:45.684160+00:00
23,KRW,2026-03-02,USD,113.211719,0.008833,synthetic_random,2026-03-04 17:18:45.684174+00:00
23,KRW,2026-03-03,USD,52.417652,0.019078,synthetic_random,2026-03-04 17:18:45.684186+00:00
23,KRW,2026-03-04,USD,121.110713,0.008257,synthetic_random,2026-03-04 17:18:45.684202+00:00
24,THB,2026-01-04,USD,76.191867,0.013125,synthetic_random,2026-03-04 17:18:45.684278+00:00
24,THB,2026-01-05,USD,32.645409,0.030632,synthetic_random,2026-03-04 17:18:45.684286+00:00
24,THB,2026-01-06,USD,63.368887,0.015781,synthetic_random,2026-03-04 17:18:45.684294+00:00
24,THB,2026-01-07,USD,17.386765,0.057515,synthetic_random,2026-03-04 17:18:45.684301+00:00
24,THB,2026-01-08,USD,51.152859,0.019549,synthetic_random,2026-03-04 17:18:45.684308+00:00
24,THB,2026-01-09,USD,105.139446,0.009511,synthetic_random,2026-03-04 17:18:45.684316+00:00
24,THB,2026-01-10,USD,129.934145,0.007696,synthetic_random,2026-03-04 17:18:45.684324+00:00
24,THB,2026-01-11,USD,139.001768,0.007194,synthetic_random,2026-03-04 17:18:45.684334+00:00
24,THB,2026-01-12,USD,4.554279,0.219574,synthetic_random,2026-03-04 17:18:45.684348+00:00
24,THB,2026-01-13,USD,32.413751,0.030851,synthetic_random,2026-03-04 17:18:45.684357+00:00
24,THB,2026-01-14,USD,22.702535,0.044048,synthetic_random,2026-03-04 17:18:45.684364+00:00
24,THB,2026-01-15,USD,42.182696,0.023706,synthetic_random,2026-03-04 17:18:45.684371+00:00
24,THB,2026-01-16,USD,102.242075,0.009781,synthetic_random,2026-03-04 17:18:45.684378+00:00
24,THB,2026-01-17,USD,60.886989,0.016424,synthetic_random,2026-03-04 17:18:45.684386+00:00
24,THB,2026-01-18,USD,139.138772,0.007187,synthetic_random,2026-03-04 17:18:45.684393+00:00
24,THB,2026-01-19,USD,79.455506,0.012586,synthetic_random,2026-03-04 17:18:45.684400+00:00
24,THB,2026-01-20,USD,12.587632,0.079443,synthetic_random,2026-03-04 17:18:45.684408+00:00
24,THB,2026-01-21,USD,126.861047,0.007883,synthetic_random,2026-03-04 17:18:45.684415+00:00
24,THB,2026-01-22,USD,145.553878,0.00687,synthetic_random,2026-03-04 17:18:45.684422+00:00
24,THB,2026-01-23,USD,110.101532,0.009083,synthetic_random,2026-03-04 17:18:45.684430+00:00
24,THB,2026-01-24,USD,88.235251,0.011333,synthetic_random,2026-03-04 17:18:45.684437+00:00
24,THB,2026-01-25,USD,32.517548,0.030753,synthetic_random,2026-03-04 17:18:45.684444+00:00
24,THB,2026-01-26,USD,62.017636,0.016124,synthetic_random,2026-03-04 17:18:45.684451+00:00
24,THB,2026-01-27,USD,117.010645,0.008546,synthetic_random,2026-03-04 17:18:45.684463+00:00
24,THB,2026-01-28,USD,130.757993,0.007648,synthetic_random,2026-03-04 17:18:45.684471+00:00
24,THB,2026-01-29,USD,81.969754,0.0122,synthetic_random,2026-03-04 17:18:45.684496+00:00
24,THB,2026-01-30,USD,77.584101,0.012889,synthetic_random,2026-03-04 17:18:45.684517+00:00
24,THB,2026-01-31,USD,83.609938,0.01196,synthetic_random,2026-03-04 17:18:45.684525+00:00
24,THB,2026-02-01,USD,80.855927,0.012368,synthetic_random,2026-03-04 17:18:45.684536+00:00
24,THB,2026-02-02,USD,145.393464,0.006878,synthetic_random,2026-03-04 17:18:45.684544+00:00
24,THB,2026-02-03,USD,107.109532,0.009336,synthetic_random,2026-03-04 17:18:45.684551+00:00
24,THB,2026-02-04,USD,42.90081,0.02331,synthetic_random,2026-03-04 17:18:45.684581+00:00
24,THB,2026-02-05,USD,60.165751,0.016621,synthetic_random,2026-03-04 17:18:45.684599+00:00
24,THB,2026-02-06,USD,104.201347,0.009597,synthetic_random,2026-03-04 17:18:45.684610+00:00
24,THB,2026-02-07,USD,115.689486,0.008644,synthetic_random,2026-03-04 17:18:45.684623+00:00
24,THB,2026-02-08,USD,58.482263,0.017099,synthetic_random,2026-03-04 17:18:45.684634+00:00
24,THB,2026-02-09,USD,43.547603,0.022963,synthetic_random,2026-03-04 17:18:45.684647+00:00
24,THB,2026-02-10,USD,70.689376,0.014146,synthetic_random,2026-03-04 17:18:45.684658+00:00
24,THB,2026-02-11,USD,88.644193,0.011281,synthetic_random,2026-03-04 17:18:45.684666+00:00
24,THB,2026-02-12,USD,141.556658,0.007064,synthetic_random,2026-03-04 17:18:45.684674+00:00
24,THB,2026-02-13,USD,4.775796,0.209389,synthetic_random,2026-03-04 17:18:45.684681+00:00
24,THB,2026-02-14,USD,101.077264,0.009893,synthetic_random,2026-03-04 17:18:45.684691+00:00
24,THB,2026-02-15,USD,142.151775,0.007035,synthetic_random,2026-03-04 17:18:45.684698+00:00
24,THB,2026-02-16,USD,22.550282,0.044345,synthetic_random,2026-03-04 17:18:45.684705+00:00
24,THB,2026-02-17,USD,30.114041,0.033207,synthetic_random,2026-03-04 17:18:45.684712+00:00
24,THB,2026-02-18,USD,19.822571,0.050448,synthetic_random,2026-03-04 17:18:45.684726+00:00
24,THB,2026-02-19,USD,141.044819,0.00709,synthetic_random,2026-03-04 17:18:45.684733+00:00
24,THB,2026-02-20,USD,53.637987,0.018644,synthetic_random,2026-03-04 17:18:45.684741+00:00
24,THB,2026-02-21,USD,31.175116,0.032077,synthetic_random,2026-03-04 17:18:45.684748+00:00
24,THB,2026-02-22,USD,137.318224,0.007282,synthetic_random,2026-03-04 17:18:45.684755+00:00
24,THB,2026-02-23,USD,67.816063,0.014746,synthetic_random,2026-03-04 17:18:45.684763+00:00
24,THB,2026-02-24,USD,92.013682,0.010868,synthetic_random,2026-03-04 17:18:45.684770+00:00
24,THB,2026-02-25,USD,140.466687,0.007119,synthetic_random,2026-03-04 17:18:45.684778+00:00
24,THB,2026-02-26,USD,37.486177,0.026676,synthetic_random,2026-03-04 17:18:45.684785+00:00
24,THB,2026-02-27,USD,35.79585,0.027936,synthetic_random,2026-03-04 17:18:45.684792+00:00
24,THB,2026-02-28,USD,99.26487,0.010074,synthetic_random,2026-03-04 17:18:45.684800+00:00
24,THB,2026-03-01,USD,52.835655,0.018927,synthetic_random,2026-03-04 17:18:45.684807+00:00
24,THB,2026-03-02,USD,91.252745,0.010959,synthetic_random,2026-03-04 17:18:45.684814+00:00
24,THB,2026-03-03,USD,84.671612,0.01181,synthetic_random,2026-03-04 17:18:45.684821+00:00
24,THB,2026-03-04,USD,74.946633,0.013343,synthetic_random,2026-03-04 17:18:45.684829+00:00
25,MYR,2026-01-04,USD,64.803545,0.015431,synthetic_random,2026-03-04 17:18:45.684905+00:00
25,MYR,2026-01-05,USD,56.886679,0.017579,synthetic_random,2026-03-04 17:18:45.684913+00:00
25,MYR,2026-01-06,USD,59.045584,0.016936,synthetic_random,2026-03-04 17:18:45.684921+00:00
25,MYR,2026-01-07,USD,21.292928,0.046964,synthetic_random,2026-03-04 17:18:45.684937+00:00
25,MYR,2026-01-08,USD,144.526569,0.006919,synthetic_random,2026-03-04 17:18:45.684950+00:00
25,MYR,2026-01-09,USD,15.593275,0.06413,synthetic_random,2026-03-04 17:18:45.684965+00:00
25,MYR,2026-01-10,USD,63.513517,0.015745,synthetic_random,2026-03-04 17:18:45.684977+00:00
25,MYR,2026-01-11,USD,24.172809,0.041369,synthetic_random,2026-03-04 17:18:45.684989+00:00
25,MYR,2026-01-12,USD,60.401046,0.016556,synthetic_random,2026-03-04 17:18:45.685000+00:00
25,MYR,2026-01-13,USD,133.345341,0.007499,synthetic_random,2026-03-04 17:18:45.685012+00:00
25,MYR,2026-01-14,USD,20.704301,0.048299,synthetic_random,2026-03-04 17:18:45.685023+00:00
25,MYR,2026-01-15,USD,42.832162,0.023347,synthetic_random,2026-03-04 17:18:45.685031+00:00
25,MYR,2026-01-16,USD,23.728782,0.042143,synthetic_random,2026-03-04 17:18:45.685038+00:00
25,MYR,2026-01-17,USD,145.629038,0.006867,synthetic_random,2026-03-04 17:18:45.685048+00:00
25,MYR,2026-01-18,USD,57.036416,0.017533,synthetic_random,2026-03-04 17:18:45.685055+00:00
25,MYR,2026-01-19,USD,35.668884,0.028036,synthetic_random,2026-03-04 17:18:45.685063+00:00
25,MYR,2026-01-20,USD,36.459014,0.027428,synthetic_random,2026-03-04 17:18:45.685070+00:00
25,MYR,2026-01-21,USD,120.905573,0.008271,synthetic_random,2026-03-04 17:18:45.685078+00:00
25,MYR,2026-01-22,USD,67.73129,0.014764,synthetic_random,2026-03-04 17:18:45.685085+00:00
25,MYR,2026-01-23,USD,16.63596,0.060111,synthetic_random,2026-03-04 17:18:45.685092+00:00
25,MYR,2026-01-24,USD,75.051982,0.013324,synthetic_random,2026-03-04 17:18:45.685099+00:00
25,MYR,2026-01-25,USD,136.227341,0.007341,synthetic_random,2026-03-04 17:18:45.685114+00:00
25,MYR,2026-01-26,USD,82.612056,0.012105,synthetic_random,2026-03-04 17:18:45.685126+00:00
25,MYR,2026-01-27,USD,28.352994,0.03527,synthetic_random,2026-03-04 17:18:45.685134+00:00
25,MYR,2026-01-28,USD,119.066167,0.008399,synthetic_random,2026-03-04 17:18:45.685143+00:00
25,MYR,2026-01-29,USD,58.307766,0.01715,synthetic_random,2026-03-04 17:18:45.685150+00:00
25,MYR,2026-01-30,USD,40.750734,0.024539,synthetic_random,2026-03-04 17:18:45.685158+00:00
25,MYR,2026-01-31,USD,43.50963,0.022983,synthetic_random,2026-03-04 17:18:45.685165+00:00
25,MYR,2026-02-01,USD,47.709059,0.02096,synthetic_random,2026-03-04 17:18:45.685172+00:00
25,MYR,2026-02-02,USD,79.35094,0.012602,synthetic_random,2026-03-04 17:18:45.685180+00:00
25,MYR,2026-02-03,USD,80.423308,0.012434,synthetic_random,2026-03-04 17:18:45.685187+00:00
25,MYR,2026-02-04,USD,98.900264,0.010111,synthetic_random,2026-03-04 17:18:45.685194+00:00
25,MYR,2026-02-05,USD,16.074604,0.06221,synthetic_random,2026-03-04 17:18:45.685206+00:00
25,MYR,2026-02-06,USD,29.900258,0.033445,synthetic_random,2026-03-04 17:18:45.685213+00:00
25,MYR,2026-02-07,USD,57.908362,0.017269,synthetic_random,2026-03-04 17:18:45.685221+00:00
25,MYR,2026-02-08,USD,73.88256,0.013535,synthetic_random,2026-03-04 17:18:45.685229+00:00
25,MYR,2026-02-09,USD,13.96069,0.07163,synthetic_random,2026-03-04 17:18:45.685236+00:00
25,MYR,2026-02-10,USD,129.327545,0.007732,synthetic_random,2026-03-04 17:18:45.685243+00:00
25,MYR,2026-02-11,USD,84.576123,0.011824,synthetic_random,2026-03-04 17:18:45.685255+00:00
25,MYR,2026-02-12,USD,77.219761,0.01295,synthetic_random,2026-03-04 17:18:45.685273+00:00
25,MYR,2026-02-13,USD,114.205349,0.008756,synthetic_random,2026-03-04 17:18:45.685284+00:00
25,MYR,2026-02-14,USD,106.304626,0.009407,synthetic_random,2026-03-04 17:18:45.685292+00:00
25,MYR,2026-02-15,USD,107.650208,0.009289,synthetic_random,2026-03-04 17:18:45.685299+00:00
25,MYR,2026-02-16,USD,49.006913,0.020405,synthetic_random,2026-03-04 17:18:45.685306+00:00
25,MYR,2026-02-17,USD,130.721034,0.00765,synthetic_random,2026-03-04 17:18:45.685313+00:00
25,MYR,2026-02-18,USD,129.65662,0.007713,synthetic_random,2026-03-04 17:18:45.685323+00:00
25,MYR,2026-02-19,USD,83.230909,0.012015,synthetic_random,2026-03-04 17:18:45.685331+00:00
25,MYR,2026-02-20,USD,46.125229,0.02168,synthetic_random,2026-03-04 17:18:45.685344+00:00
25,MYR,2026-02-21,USD,123.36253,0.008106,synthetic_random,2026-03-04 17:18:45.685355+00:00
25,MYR,2026-02-22,USD,142.38527,0.007023,synthetic_random,2026-03-04 17:18:45.685366+00:00
25,MYR,2026-02-23,USD,111.664817,0.008955,synthetic_random,2026-03-04 17:18:45.685377+00:00
25,MYR,2026-02-24,USD,102.343813,0.009771,synthetic_random,2026-03-04 17:18:45.685389+00:00
25,MYR,2026-02-25,USD,45.351183,0.02205,synthetic_random,2026-03-04 17:18:45.685401+00:00
25,MYR,2026-02-26,USD,11.4574,0.08728,synthetic_random,2026-03-04 17:18:45.685413+00:00
25,MYR,2026-02-27,USD,95.433583,0.010478,synthetic_random,2026-03-04 17:18:45.685424+00:00
25,MYR,2026-02-28,USD,84.49275,0.011835,synthetic_random,2026-03-04 17:18:45.685435+00:00
25,MYR,2026-03-01,USD,75.744709,0.013202,synthetic_random,2026-03-04 17:18:45.685442+00:00
25,MYR,2026-03-02,USD,28.182336,0.035483,synthetic_random,2026-03-04 17:18:45.685450+00:00
25,MYR,2026-03-03,USD,135.595351,0.007375,synthetic_random,2026-03-04 17:18:45.685464+00:00
25,MYR,2026-03-04,USD,101.454211,0.009857,synthetic_random,2026-03-04 17:18:45.685472+00:00
26,IDR,2026-01-04,USD,73.130292,0.013674,synthetic_random,2026-03-04 17:18:45.685548+00:00
26,IDR,2026-01-05,USD,97.227443,0.010285,synthetic_random,2026-03-04 17:18:45.685556+00:00
26,IDR,2026-01-06,USD,34.278745,0.029173,synthetic_random,2026-03-04 17:18:45.685564+00:00
26,IDR,2026-01-07,USD,80.222076,0.012465,synthetic_random,2026-03-04 17:18:45.685571+00:00
26,IDR,2026-01-08,USD,81.323044,0.012297,synthetic_random,2026-03-04 17:18:45.685584+00:00
26,IDR,2026-01-09,USD,120.918995,0.00827,synthetic_random,2026-03-04 17:18:45.685596+00:00
26,IDR,2026-01-10,USD,105.411329,0.009487,synthetic_random,2026-03-04 17:18:45.685603+00:00
26,IDR,2026-01-11,USD,19.570082,0.051098,synthetic_random,2026-03-04 17:18:45.685613+00:00
26,IDR,2026-01-12,USD,73.981515,0.013517,synthetic_random,2026-03-04 17:18:45.685620+00:00
26,IDR,2026-01-13,USD,42.643797,0.02345,synthetic_random,2026-03-04 17:18:45.685628+00:00
26,IDR,2026-01-14,USD,128.022342,0.007811,synthetic_random,2026-03-04 17:18:45.685635+00:00
26,IDR,2026-01-15,USD,80.115822,0.012482,synthetic_random,2026-03-04 17:18:45.685643+00:00
26,IDR,2026-01-16,USD,149.74406,0.006678,synthetic_random,2026-03-04 17:18:45.685651+00:00
26,IDR,2026-01-17,USD,123.704273,0.008084,synthetic_random,2026-03-04 17:18:45.685658+00:00
26,IDR,2026-01-18,USD,117.935986,0.008479,synthetic_random,2026-03-04 17:18:45.685665+00:00
26,IDR,2026-01-19,USD,61.323936,0.016307,synthetic_random,2026-03-04 17:18:45.685673+00:00
26,IDR,2026-01-20,USD,39.545332,0.025287,synthetic_random,2026-03-04 17:18:45.685685+00:00
26,IDR,2026-01-21,USD,107.899461,0.009268,synthetic_random,2026-03-04 17:18:45.685694+00:00
26,IDR,2026-01-22,USD,63.64595,0.015712,synthetic_random,2026-03-04 17:18:45.685701+00:00
26,IDR,2026-01-23,USD,12.957236,0.077177,synthetic_random,2026-03-04 17:18:45.685708+00:00
26,IDR,2026-01-24,USD,64.703833,0.015455,synthetic_random,2026-03-04 17:18:45.685715+00:00
26,IDR,2026-01-25,USD,110.474318,0.009052,synthetic_random,2026-03-04 17:18:45.685723+00:00
26,IDR,2026-01-26,USD,79.852805,0.012523,synthetic_random,2026-03-04 17:18:45.685730+00:00
26,IDR,2026-01-27,USD,60.049528,0.016653,synthetic_random,2026-03-04 17:18:45.685737+00:00
26,IDR,2026-01-28,USD,124.085384,0.008059,synthetic_random,2026-03-04 17:18:45.685745+00:00
26,IDR,2026-01-29,USD,64.702922,0.015455,synthetic_random,2026-03-04 17:18:45.685752+00:00
26,IDR,2026-01-30,USD,61.02668,0.016386,synthetic_random,2026-03-04 17:18:45.685759+00:00
26,IDR,2026-01-31,USD,13.122166,0.076207,synthetic_random,2026-03-04 17:18:45.685767+00:00
26,IDR,2026-02-01,USD,11.08676,0.090198,synthetic_random,2026-03-04 17:18:45.685774+00:00
26,IDR,2026-02-02,USD,80.778521,0.01238,synthetic_random,2026-03-04 17:18:45.685781+00:00
26,IDR,2026-02-03,USD,76.084149,0.013143,synthetic_random,2026-03-04 17:18:45.685789+00:00
26,IDR,2026-02-04,USD,104.282131,0.009589,synthetic_random,2026-03-04 17:18:45.685801+00:00
26,IDR,2026-02-05,USD,123.634811,0.008088,synthetic_random,2026-03-04 17:18:45.685808+00:00
26,IDR,2026-02-06,USD,127.592211,0.007837,synthetic_random,2026-03-04 17:18:45.685816+00:00
26,IDR,2026-02-07,USD,93.496013,0.010696,synthetic_random,2026-03-04 17:18:45.685829+00:00
26,IDR,2026-02-08,USD,81.663846,0.012245,synthetic_random,2026-03-04 17:18:45.685837+00:00
26,IDR,2026-02-09,USD,57.564006,0.017372,synthetic_random,2026-03-04 17:18:45.685848+00:00
26,IDR,2026-02-10,USD,120.868292,0.008273,synthetic_random,2026-03-04 17:18:45.685862+00:00
26,IDR,2026-02-11,USD,45.254255,0.022097,synthetic_random,2026-03-04 17:18:45.685870+00:00
26,IDR,2026-02-12,USD,119.59881,0.008361,synthetic_random,2026-03-04 17:18:45.685877+00:00
26,IDR,2026-02-13,USD,126.589108,0.0079,synthetic_random,2026-03-04 17:18:45.685885+00:00
26,IDR,2026-02-14,USD,26.142527,0.038252,synthetic_random,2026-03-04 17:18:45.685892+00:00
26,IDR,2026-02-15,USD,138.065676,0.007243,synthetic_random,2026-03-04 17:18:45.685899+00:00
26,IDR,2026-02-16,USD,142.254744,0.00703,synthetic_random,2026-03-04 17:18:45.685907+00:00
26,IDR,2026-02-17,USD,32.690752,0.03059,synthetic_random,2026-03-04 17:18:45.685914+00:00
26,IDR,2026-02-18,USD,123.865187,0.008073,synthetic_random,2026-03-04 17:18:45.685923+00:00
26,IDR,2026-02-19,USD,74.247335,0.013468,synthetic_random,2026-03-04 17:18:45.685930+00:00
26,IDR,2026-02-20,USD,8.009901,0.124845,synthetic_random,2026-03-04 17:18:45.685937+00:00
26,IDR,2026-02-21,USD,84.911734,0.011777,synthetic_random,2026-03-04 17:18:45.685945+00:00
26,IDR,2026-02-22,USD,16.877023,0.059252,synthetic_random,2026-03-04 17:18:45.685954+00:00
26,IDR,2026-02-23,USD,90.616522,0.011036,synthetic_random,2026-03-04 17:18:45.685961+00:00
26,IDR,2026-02-24,USD,107.628376,0.009291,synthetic_random,2026-03-04 17:18:45.685968+00:00
26,IDR,2026-02-25,USD,25.922763,0.038576,synthetic_random,2026-03-04 17:18:45.685976+00:00
26,IDR,2026-02-26,USD,3.308037,0.302294,synthetic_random,2026-03-04 17:18:45.685987+00:00
26,IDR,2026-02-27,USD,14.90157,0.067107,synthetic_random,2026-03-04 17:18:45.685995+00:00
26,IDR,2026-02-28,USD,64.47326,0.01551,synthetic_random,2026-03-04 17:18:45.686002+00:00
26,IDR,2026-03-01,USD,136.533428,0.007324,synthetic_random,2026-03-04 17:18:45.686009+00:00
26,IDR,2026-03-02,USD,128.43865,0.007786,synthetic_random,2026-03-04 17:18:45.686016+00:00
26,IDR,2026-03-03,USD,35.042218,0.028537,synthetic_random,2026-03-04 17:18:45.686024+00:00
26,IDR,2026-03-04,USD,84.385046,0.01185,synthetic_random,2026-03-04 17:18:45.686031+00:00
27,PHP,2026-01-04,USD,65.220052,0.015333,synthetic_random,2026-03-04 17:18:45.686122+00:00
27,PHP,2026-01-05,USD,104.375426,0.009581,synthetic_random,2026-03-04 17:18:45.686138+00:00
27,PHP,2026-01-06,USD,53.133382,0.018821,synthetic_random,2026-03-04 17:18:45.686150+00:00
27,PHP,2026-01-07,USD,135.099704,0.007402,synthetic_random,2026-03-04 17:18:45.686162+00:00
27,PHP,2026-01-08,USD,149.988792,0.006667,synthetic_random,2026-03-04 17:18:45.686174+00:00
27,PHP,2026-01-09,USD,34.84295,0.0287,synthetic_random,2026-03-04 17:18:45.686185+00:00
27,PHP,2026-01-10,USD,130.417324,0.007668,synthetic_random,2026-03-04 17:18:45.686197+00:00
27,PHP,2026-01-11,USD,123.672336,0.008086,synthetic_random,2026-03-04 17:18:45.686205+00:00
27,PHP,2026-01-12,USD,43.074558,0.023216,synthetic_random,2026-03-04 17:18:45.686213+00:00
27,PHP,2026-01-13,USD,10.026439,0.099736,synthetic_random,2026-03-04 17:18:45.686220+00:00
27,PHP,2026-01-14,USD,44.576803,0.022433,synthetic_random,2026-03-04 17:18:45.686227+00:00
27,PHP,2026-01-15,USD,72.332616,0.013825,synthetic_random,2026-03-04 17:18:45.686246+00:00
27,PHP,2026-01-16,USD,112.956816,0.008853,synthetic_random,2026-03-04 17:18:45.686253+00:00
27,PHP,2026-01-17,USD,44.794774,0.022324,synthetic_random,2026-03-04 17:18:45.686261+00:00
27,PHP,2026-01-18,USD,86.523453,0.011558,synthetic_random,2026-03-04 17:18:45.686268+00:00
27,PHP,2026-01-19,USD,140.432788,0.007121,synthetic_random,2026-03-04 17:18:45.686275+00:00
27,PHP,2026-01-20,USD,67.646144,0.014783,synthetic_random,2026-03-04 17:18:45.686283+00:00
27,PHP,2026-01-21,USD,135.201748,0.007396,synthetic_random,2026-03-04 17:18:45.686290+00:00
27,PHP,2026-01-22,USD,52.899919,0.018904,synthetic_random,2026-03-04 17:18:45.686302+00:00
27,PHP,2026-01-23,USD,147.326532,0.006788,synthetic_random,2026-03-04 17:18:45.686315+00:00
27,PHP,2026-01-24,USD,50.50723,0.019799,synthetic_random,2026-03-04 17:18:45.686328+00:00
27,PHP,2026-01-25,USD,13.081067,0.076446,synthetic_random,2026-03-04 17:18:45.686340+00:00
27,PHP,2026-01-26,USD,23.38971,0.042754,synthetic_random,2026-03-04 17:18:45.686352+00:00
27,PHP,2026-01-27,USD,85.902543,0.011641,synthetic_random,2026-03-04 17:18:45.686364+00:00
27,PHP,2026-01-28,USD,13.051843,0.076618,synthetic_random,2026-03-04 17:18:45.686375+00:00
27,PHP,2026-01-29,USD,122.739991,0.008147,synthetic_random,2026-03-04 17:18:45.686388+00:00
27,PHP,2026-01-30,USD,139.211517,0.007183,synthetic_random,2026-03-04 17:18:45.686396+00:00
27,PHP,2026-01-31,USD,33.975499,0.029433,synthetic_random,2026-03-04 17:18:45.686406+00:00
27,PHP,2026-02-01,USD,93.50501,0.010695,synthetic_random,2026-03-04 17:18:45.686413+00:00
27,PHP,2026-02-02,USD,32.584506,0.030689,synthetic_random,2026-03-04 17:18:45.686429+00:00
27,PHP,2026-02-03,USD,139.091766,0.007189,synthetic_random,2026-03-04 17:18:45.686684+00:00
27,PHP,2026-02-04,USD,98.728496,0.010129,synthetic_random,2026-03-04 17:18:45.686698+00:00
27,PHP,2026-02-05,USD,39.844566,0.025098,synthetic_random,2026-03-04 17:18:45.686706+00:00
27,PHP,2026-02-06,USD,37.794607,0.026459,synthetic_random,2026-03-04 17:18:45.686713+00:00
27,PHP,2026-02-07,USD,32.003955,0.031246,synthetic_random,2026-03-04 17:18:45.686720+00:00
27,PHP,2026-02-08,USD,90.188537,0.011088,synthetic_random,2026-03-04 17:18:45.686732+00:00
27,PHP,2026-02-09,USD,104.946129,0.009529,synthetic_random,2026-03-04 17:18:45.686740+00:00
27,PHP,2026-02-10,USD,15.315969,0.065291,synthetic_random,2026-03-04 17:18:45.686747+00:00
27,PHP,2026-02-11,USD,44.534298,0.022455,synthetic_random,2026-03-04 17:18:45.686754+00:00
27,PHP,2026-02-12,USD,88.774761,0.011264,synthetic_random,2026-03-04 17:18:45.686762+00:00
27,PHP,2026-02-13,USD,57.070451,0.017522,synthetic_random,2026-03-04 17:18:45.686773+00:00
27,PHP,2026-02-14,USD,87.662713,0.011407,synthetic_random,2026-03-04 17:18:45.686781+00:00
27,PHP,2026-02-15,USD,97.455992,0.010261,synthetic_random,2026-03-04 17:18:45.686788+00:00
27,PHP,2026-02-16,USD,59.0597,0.016932,synthetic_random,2026-03-04 17:18:45.686796+00:00
27,PHP,2026-02-17,USD,108.445655,0.009221,synthetic_random,2026-03-04 17:18:45.686806+00:00
27,PHP,2026-02-18,USD,63.131389,0.01584,synthetic_random,2026-03-04 17:18:45.686818+00:00
27,PHP,2026-02-19,USD,76.76299,0.013027,synthetic_random,2026-03-04 17:18:45.686831+00:00
27,PHP,2026-02-20,USD,9.773516,0.102317,synthetic_random,2026-03-04 17:18:45.686850+00:00
27,PHP,2026-02-21,USD,66.154667,0.015116,synthetic_random,2026-03-04 17:18:45.686862+00:00
27,PHP,2026-02-22,USD,107.779056,0.009278,synthetic_random,2026-03-04 17:18:45.686873+00:00
27,PHP,2026-02-23,USD,35.995112,0.027782,synthetic_random,2026-03-04 17:18:45.686885+00:00
27,PHP,2026-02-24,USD,85.789652,0.011656,synthetic_random,2026-03-04 17:18:45.686900+00:00
27,PHP,2026-02-25,USD,122.27017,0.008179,synthetic_random,2026-03-04 17:18:45.686908+00:00
27,PHP,2026-02-26,USD,122.989567,0.008131,synthetic_random,2026-03-04 17:18:45.686917+00:00
27,PHP,2026-02-27,USD,127.198506,0.007862,synthetic_random,2026-03-04 17:18:45.686925+00:00
27,PHP,2026-02-28,USD,9.849614,0.101527,synthetic_random,2026-03-04 17:18:45.686937+00:00
27,PHP,2026-03-01,USD,53.906021,0.018551,synthetic_random,2026-03-04 17:18:45.686948+00:00
27,PHP,2026-03-02,USD,128.247734,0.007797,synthetic_random,2026-03-04 17:18:45.686960+00:00
27,PHP,2026-03-03,USD,94.720998,0.010557,synthetic_random,2026-03-04 17:18:45.686972+00:00
27,PHP,2026-03-04,USD,46.086671,0.021698,synthetic_random,2026-03-04 17:18:45.686983+00:00
28,VND,2026-01-04,USD,109.73279,0.009113,synthetic_random,2026-03-04 17:18:45.687075+00:00
28,VND,2026-01-05,USD,43.641411,0.022914,synthetic_random,2026-03-04 17:18:45.687084+00:00
28,VND,2026-01-06,USD,145.001177,0.006896,synthetic_random,2026-03-04 17:18:45.687092+00:00
28,VND,2026-01-07,USD,69.223143,0.014446,synthetic_random,2026-03-04 17:18:45.687099+00:00
28,VND,2026-01-08,USD,18.382335,0.0544,synthetic_random,2026-03-04 17:18:45.687107+00:00
28,VND,2026-01-09,USD,21.247666,0.047064,synthetic_random,2026-03-04 17:18:45.687114+00:00
28,VND,2026-01-10,USD,57.782749,0.017306,synthetic_random,2026-03-04 17:18:45.687130+00:00
28,VND,2026-01-11,USD,30.85246,0.032412,synthetic_random,2026-03-04 17:18:45.687138+00:00
28,VND,2026-01-12,USD,101.919695,0.009812,synthetic_random,2026-03-04 17:18:45.687145+00:00
28,VND,2026-01-13,USD,3.929545,0.254482,synthetic_random,2026-03-04 17:18:45.687153+00:00
28,VND,2026-01-14,USD,17.208286,0.058112,synthetic_random,2026-03-04 17:18:45.687160+00:00
28,VND,2026-01-15,USD,95.416999,0.01048,synthetic_random,2026-03-04 17:18:45.687167+00:00
28,VND,2026-01-16,USD,53.48269,0.018698,synthetic_random,2026-03-04 17:18:45.687180+00:00
28,VND,2026-01-17,USD,134.019862,0.007462,synthetic_random,2026-03-04 17:18:45.687195+00:00
28,VND,2026-01-18,USD,50.354912,0.019859,synthetic_random,2026-03-04 17:18:45.687207+00:00
28,VND,2026-01-19,USD,78.750359,0.012698,synthetic_random,2026-03-04 17:18:45.687223+00:00
28,VND,2026-01-20,USD,147.465869,0.006781,synthetic_random,2026-03-04 17:18:45.687235+00:00
28,VND,2026-01-21,USD,43.700788,0.022883,synthetic_random,2026-03-04 17:18:45.687247+00:00
28,VND,2026-01-22,USD,22.560809,0.044325,synthetic_random,2026-03-04 17:18:45.687258+00:00
28,VND,2026-01-23,USD,54.935736,0.018203,synthetic_random,2026-03-04 17:18:45.687269+00:00
28,VND,2026-01-24,USD,15.047263,0.066457,synthetic_random,2026-03-04 17:18:45.687276+00:00
28,VND,2026-01-25,USD,128.61866,0.007775,synthetic_random,2026-03-04 17:18:45.687283+00:00
28,VND,2026-01-26,USD,102.153337,0.009789,synthetic_random,2026-03-04 17:18:45.687291+00:00
28,VND,2026-01-27,USD,62.512413,0.015997,synthetic_random,2026-03-04 17:18:45.687298+00:00
28,VND,2026-01-28,USD,93.047539,0.010747,synthetic_random,2026-03-04 17:18:45.687312+00:00
28,VND,2026-01-29,USD,31.496435,0.03175,synthetic_random,2026-03-04 17:18:45.687323+00:00
28,VND,2026-01-30,USD,101.947505,0.009809,synthetic_random,2026-03-04 17:18:45.687330+00:00
28,VND,2026-01-31,USD,145.795739,0.006859,synthetic_random,2026-03-04 17:18:45.687338+00:00
28,VND,2026-02-01,USD,114.979963,0.008697,synthetic_random,2026-03-04 17:18:45.687345+00:00
28,VND,2026-02-02,USD,85.136604,0.011746,synthetic_random,2026-03-04 17:18:45.687353+00:00
28,VND,2026-02-03,USD,35.959466,0.027809,synthetic_random,2026-03-04 17:18:45.687360+00:00
28,VND,2026-02-04,USD,148.684899,0.006726,synthetic_random,2026-03-04 17:18:45.687368+00:00
28,VND,2026-02-05,USD,52.044656,0.019214,synthetic_random,2026-03-04 17:18:45.687375+00:00
28,VND,2026-02-06,USD,77.221713,0.01295,synthetic_random,2026-03-04 17:18:45.687382+00:00
28,VND,2026-02-07,USD,57.865085,0.017282,synthetic_random,2026-03-04 17:18:45.687390+00:00
28,VND,2026-02-08,USD,65.537238,0.015259,synthetic_random,2026-03-04 17:18:45.687397+00:00
28,VND,2026-02-09,USD,117.657674,0.008499,synthetic_random,2026-03-04 17:18:45.687404+00:00
28,VND,2026-02-10,USD,99.33057,0.010067,synthetic_random,2026-03-04 17:18:45.687412+00:00
28,VND,2026-02-11,USD,125.913568,0.007942,synthetic_random,2026-03-04 17:18:45.687419+00:00
28,VND,2026-02-12,USD,56.097081,0.017826,synthetic_random,2026-03-04 17:18:45.687431+00:00
28,VND,2026-02-13,USD,28.907574,0.034593,synthetic_random,2026-03-04 17:18:45.687438+00:00
28,VND,2026-02-14,USD,12.475829,0.080155,synthetic_random,2026-03-04 17:18:45.687445+00:00
28,VND,2026-02-15,USD,118.23722,0.008458,synthetic_random,2026-03-04 17:18:45.687459+00:00
28,VND,2026-02-16,USD,52.568016,0.019023,synthetic_random,2026-03-04 17:18:45.687466+00:00
28,VND,2026-02-17,USD,64.862069,0.015417,synthetic_random,2026-03-04 17:18:45.687478+00:00
28,VND,2026-02-18,USD,41.613898,0.02403,synthetic_random,2026-03-04 17:18:45.687485+00:00
28,VND,2026-02-19,USD,61.591775,0.016236,synthetic_random,2026-03-04 17:18:45.687493+00:00
28,VND,2026-02-20,USD,123.989863,0.008065,synthetic_random,2026-03-04 17:18:45.687500+00:00
28,VND,2026-02-21,USD,35.639416,0.028059,synthetic_random,2026-03-04 17:18:45.687507+00:00
28,VND,2026-02-22,USD,68.531146,0.014592,synthetic_random,2026-03-04 17:18:45.687514+00:00
28,VND,2026-02-23,USD,10.289595,0.097186,synthetic_random,2026-03-04 17:18:45.687522+00:00
28,VND,2026-02-24,USD,31.964457,0.031285,synthetic_random,2026-03-04 17:18:45.687529+00:00
28,VND,2026-02-25,USD,51.349524,0.019474,synthetic_random,2026-03-04 17:18:45.687536+00:00
28,VND,2026-02-26,USD,63.78434,0.015678,synthetic_random,2026-03-04 17:18:45.687544+00:00
28,VND,2026-02-27,USD,126.390913,0.007912,synthetic_random,2026-03-04 17:18:45.687553+00:00
28,VND,2026-02-28,USD,123.150688,0.00812,synthetic_random,2026-03-04 17:18:45.687572+00:00
28,VND,2026-03-01,USD,110.786313,0.009026,synthetic_random,2026-03-04 17:18:45.687584+00:00
28,VND,2026-03-02,USD,50.552175,0.019782,synthetic_random,2026-03-04 17:18:45.687599+00:00
28,VND,2026-03-03,USD,69.121332,0.014467,synthetic_random,2026-03-04 17:18:45.687612+00:00
28,VND,2026-03-04,USD,140.355447,0.007125,synthetic_random,2026-03-04 17:18:45.687623+00:00
29,AED,2026-01-04,USD,79.259844,0.012617,synthetic_random,2026-03-04 17:18:45.687715+00:00
29,AED,2026-01-05,USD,34.882292,0.028668,synthetic_random,2026-03-04 17:18:45.687725+00:00
29,AED,2026-01-06,USD,78.743538,0.012699,synthetic_random,2026-03-04 17:18:45.687732+00:00
29,AED,2026-01-07,USD,112.811313,0.008864,synthetic_random,2026-03-04 17:18:45.687740+00:00
29,AED,2026-01-08,USD,61.322971,0.016307,synthetic_random,2026-03-04 17:18:45.687747+00:00
29,AED,2026-01-09,USD,107.148065,0.009333,synthetic_random,2026-03-04 17:18:45.687754+00:00
29,AED,2026-01-10,USD,41.458692,0.02412,synthetic_random,2026-03-04 17:18:45.687762+00:00
29,AED,2026-01-11,USD,128.933326,0.007756,synthetic_random,2026-03-04 17:18:45.687770+00:00
29,AED,2026-01-12,USD,130.795769,0.007646,synthetic_random,2026-03-04 17:18:45.687777+00:00
29,AED,2026-01-13,USD,22.091009,0.045267,synthetic_random,2026-03-04 17:18:45.687784+00:00
29,AED,2026-01-14,USD,1.096221,0.912225,synthetic_random,2026-03-04 17:18:45.687792+00:00
29,AED,2026-01-15,USD,123.631183,0.008089,synthetic_random,2026-03-04 17:18:45.687799+00:00
29,AED,2026-01-16,USD,94.64014,0.010566,synthetic_random,2026-03-04 17:18:45.687806+00:00
29,AED,2026-01-17,USD,122.531546,0.008161,synthetic_random,2026-03-04 17:18:45.687814+00:00
29,AED,2026-01-18,USD,113.258134,0.008829,synthetic_random,2026-03-04 17:18:45.687821+00:00
29,AED,2026-01-19,USD,7.891682,0.126716,synthetic_random,2026-03-04 17:18:45.687829+00:00
29,AED,2026-01-20,USD,32.528736,0.030742,synthetic_random,2026-03-04 17:18:45.687843+00:00
29,AED,2026-01-21,USD,76.276098,0.01311,synthetic_random,2026-03-04 17:18:45.687850+00:00
29,AED,2026-01-22,USD,112.779639,0.008867,synthetic_random,2026-03-04 17:18:45.687857+00:00
29,AED,2026-01-23,USD,55.429861,0.018041,synthetic_random,2026-03-04 17:18:45.687871+00:00
29,AED,2026-01-24,USD,51.813233,0.0193,synthetic_random,2026-03-04 17:18:45.687879+00:00
29,AED,2026-01-25,USD,28.994106,0.03449,synthetic_random,2026-03-04 17:18:45.687886+00:00
29,AED,2026-01-26,USD,35.400276,0.028248,synthetic_random,2026-03-04 17:18:45.687894+00:00
29,AED,2026-01-27,USD,21.944004,0.045571,synthetic_random,2026-03-04 17:18:45.687901+00:00
29,AED,2026-01-28,USD,138.459596,0.007222,synthetic_random,2026-03-04 17:18:45.687909+00:00
29,AED,2026-01-29,USD,59.856696,0.016707,synthetic_random,2026-03-04 17:18:45.687916+00:00
29,AED,2026-01-30,USD,112.988919,0.00885,synthetic_random,2026-03-04 17:18:45.687923+00:00
29,AED,2026-01-31,USD,132.701681,0.007536,synthetic_random,2026-03-04 17:18:45.687931+00:00
29,AED,2026-02-01,USD,144.901651,0.006901,synthetic_random,2026-03-04 17:18:45.687938+00:00
29,AED,2026-02-02,USD,102.246191,0.00978,synthetic_random,2026-03-04 17:18:45.687947+00:00
29,AED,2026-02-03,USD,139.646894,0.007161,synthetic_random,2026-03-04 17:18:45.687954+00:00
29,AED,2026-02-04,USD,37.816411,0.026444,synthetic_random,2026-03-04 17:18:45.687963+00:00
29,AED,2026-02-05,USD,112.924347,0.008855,synthetic_random,2026-03-04 17:18:45.687971+00:00
29,AED,2026-02-06,USD,117.158354,0.008535,synthetic_random,2026-03-04 17:18:45.687978+00:00
29,AED,2026-02-07,USD,107.680246,0.009287,synthetic_random,2026-03-04 17:18:45.687985+00:00
29,AED,2026-02-08,USD,22.274907,0.044894,synthetic_random,2026-03-04 17:18:45.687992+00:00
29,AED,2026-02-09,USD,142.908239,0.006997,synthetic_random,2026-03-04 17:18:45.688000+00:00
29,AED,2026-02-10,USD,22.406116,0.044631,synthetic_random,2026-03-04 17:18:45.688012+00:00
29,AED,2026-02-11,USD,123.919196,0.00807,synthetic_random,2026-03-04 17:18:45.688023+00:00
29,AED,2026-02-12,USD,117.039809,0.008544,synthetic_random,2026-03-04 17:18:45.688031+00:00
29,AED,2026-02-13,USD,67.346712,0.014849,synthetic_random,2026-03-04 17:18:45.688039+00:00
29,AED,2026-02-14,USD,52.389458,0.019088,synthetic_random,2026-03-04 17:18:45.688046+00:00
29,AED,2026-02-15,USD,104.783812,0.009543,synthetic_random,2026-03-04 17:18:45.688053+00:00
29,AED,2026-02-16,USD,15.091289,0.066263,synthetic_random,2026-03-04 17:18:45.688065+00:00
29,AED,2026-02-17,USD,116.355118,0.008594,synthetic_random,2026-03-04 17:18:45.688073+00:00
29,AED,2026-02-18,USD,55.318725,0.018077,synthetic_random,2026-03-04 17:18:45.688080+00:00
29,AED,2026-02-19,USD,9.680222,0.103303,synthetic_random,2026-03-04 17:18:45.688087+00:00
29,AED,2026-02-20,USD,123.550758,0.008094,synthetic_random,2026-03-04 17:18:45.688095+00:00
29,AED,2026-02-21,USD,141.339902,0.007075,synthetic_random,2026-03-04 17:18:45.688106+00:00
29,AED,2026-02-22,USD,20.889231,0.047872,synthetic_random,2026-03-04 17:18:45.688113+00:00
29,AED,2026-02-23,USD,114.700168,0.008718,synthetic_random,2026-03-04 17:18:45.688121+00:00
29,AED,2026-02-24,USD,26.851737,0.037242,synthetic_random,2026-03-04 17:18:45.688128+00:00
29,AED,2026-02-25,USD,130.805684,0.007645,synthetic_random,2026-03-04 17:18:45.688135+00:00
29,AED,2026-02-26,USD,109.434446,0.009138,synthetic_random,2026-03-04 17:18:45.688142+00:00
29,AED,2026-02-27,USD,74.729629,0.013382,synthetic_random,2026-03-04 17:18:45.688150+00:00
29,AED,2026-02-28,USD,54.002495,0.018518,synthetic_random,2026-03-04 17:18:45.688161+00:00
29,AED,2026-03-01,USD,107.724651,0.009283,synthetic_random,2026-03-04 17:18:45.688168+00:00
29,AED,2026-03-02,USD,60.159805,0.016622,synthetic_random,2026-03-04 17:18:45.688177+00:00
29,AED,2026-03-03,USD,101.963781,0.009807,synthetic_random,2026-03-04 17:18:45.688191+00:00
29,AED,2026-03-04,USD,144.574894,0.006917,synthetic_random,2026-03-04 17:18:45.688499+00:00
30,SAR,2026-01-04,USD,102.849083,0.009723,synthetic_random,2026-03-04 17:18:45.688657+00:00
30,SAR,2026-01-05,USD,33.856361,0.029537,synthetic_random,2026-03-04 17:18:45.688675+00:00
30,SAR,2026-01-06,USD,20.609613,0.048521,synthetic_random,2026-03-04 17:18:45.688687+00:00
30,SAR,2026-01-07,USD,110.793328,0.009026,synthetic_random,2026-03-04 17:18:45.688699+00:00
30,SAR,2026-01-08,USD,98.301556,0.010173,synthetic_random,2026-03-04 17:18:45.688712+00:00
30,SAR,2026-01-09,USD,140.323456,0.007126,synthetic_random,2026-03-04 17:18:45.688728+00:00
30,SAR,2026-01-10,USD,72.368411,0.013818,synthetic_random,2026-03-04 17:18:45.688741+00:00
30,SAR,2026-01-11,USD,25.452726,0.039289,synthetic_random,2026-03-04 17:18:45.688754+00:00
30,SAR,2026-01-12,USD,5.7922,0.172646,synthetic_random,2026-03-04 17:18:45.688767+00:00
30,SAR,2026-01-13,USD,60.297882,0.016584,synthetic_random,2026-03-04 17:18:45.688780+00:00
30,SAR,2026-01-14,USD,129.661141,0.007712,synthetic_random,2026-03-04 17:18:45.688792+00:00
30,SAR,2026-01-15,USD,118.999034,0.008403,synthetic_random,2026-03-04 17:18:45.688805+00:00
30,SAR,2026-01-16,USD,15.677692,0.063785,synthetic_random,2026-03-04 17:18:45.688818+00:00
30,SAR,2026-01-17,USD,11.011182,0.090817,synthetic_random,2026-03-04 17:18:45.688831+00:00
30,SAR,2026-01-18,USD,19.770587,0.05058,synthetic_random,2026-03-04 17:18:45.688864+00:00
30,SAR,2026-01-19,USD,19.531261,0.0512,synthetic_random,2026-03-04 17:18:45.688876+00:00
30,SAR,2026-01-20,USD,131.945078,0.007579,synthetic_random,2026-03-04 17:18:45.688887+00:00
30,SAR,2026-01-21,USD,118.6191,0.00843,synthetic_random,2026-03-04 17:18:45.688898+00:00
30,SAR,2026-01-22,USD,90.91471,0.010999,synthetic_random,2026-03-04 17:18:45.688909+00:00
30,SAR,2026-01-23,USD,91.59257,0.010918,synthetic_random,2026-03-04 17:18:45.688921+00:00
30,SAR,2026-01-24,USD,64.111961,0.015598,synthetic_random,2026-03-04 17:18:45.688950+00:00
30,SAR,2026-01-25,USD,93.78831,0.010662,synthetic_random,2026-03-04 17:18:45.688968+00:00
30,SAR,2026-01-26,USD,7.211871,0.13866,synthetic_random,2026-03-04 17:18:45.688981+00:00
30,SAR,2026-01-27,USD,128.673045,0.007772,synthetic_random,2026-03-04 17:18:45.688998+00:00
30,SAR,2026-01-28,USD,40.817645,0.024499,synthetic_random,2026-03-04 17:18:45.689010+00:00
30,SAR,2026-01-29,USD,62.703279,0.015948,synthetic_random,2026-03-04 17:18:45.689023+00:00
30,SAR,2026-01-30,USD,56.539384,0.017687,synthetic_random,2026-03-04 17:18:45.689043+00:00
30,SAR,2026-01-31,USD,109.664924,0.009119,synthetic_random,2026-03-04 17:18:45.689056+00:00
30,SAR,2026-02-01,USD,16.913651,0.059124,synthetic_random,2026-03-04 17:18:45.689068+00:00
30,SAR,2026-02-02,USD,16.557864,0.060394,synthetic_random,2026-03-04 17:18:45.689082+00:00
30,SAR,2026-02-03,USD,126.358283,0.007914,synthetic_random,2026-03-04 17:18:45.689095+00:00
30,SAR,2026-02-04,USD,149.708887,0.00668,synthetic_random,2026-03-04 17:18:45.689108+00:00
30,SAR,2026-02-05,USD,56.662561,0.017648,synthetic_random,2026-03-04 17:18:45.689128+00:00
30,SAR,2026-02-06,USD,74.436688,0.013434,synthetic_random,2026-03-04 17:18:45.689143+00:00
30,SAR,2026-02-07,USD,75.323583,0.013276,synthetic_random,2026-03-04 17:18:45.689154+00:00
30,SAR,2026-02-08,USD,135.318883,0.00739,synthetic_random,2026-03-04 17:18:45.689165+00:00
30,SAR,2026-02-09,USD,6.193021,0.161472,synthetic_random,2026-03-04 17:18:45.689175+00:00
30,SAR,2026-02-10,USD,15.210912,0.065742,synthetic_random,2026-03-04 17:18:45.689188+00:00
30,SAR,2026-02-11,USD,86.099704,0.011614,synthetic_random,2026-03-04 17:18:45.689201+00:00
30,SAR,2026-02-12,USD,18.343633,0.054515,synthetic_random,2026-03-04 17:18:45.689213+00:00
30,SAR,2026-02-13,USD,4.300631,0.232524,synthetic_random,2026-03-04 17:18:45.689224+00:00
30,SAR,2026-02-14,USD,68.957059,0.014502,synthetic_random,2026-03-04 17:18:45.689235+00:00
30,SAR,2026-02-15,USD,76.957783,0.012994,synthetic_random,2026-03-04 17:18:45.689248+00:00
30,SAR,2026-02-16,USD,101.079164,0.009893,synthetic_random,2026-03-04 17:18:45.689261+00:00
30,SAR,2026-02-17,USD,47.998809,0.020834,synthetic_random,2026-03-04 17:18:45.689274+00:00
30,SAR,2026-02-18,USD,148.512884,0.006733,synthetic_random,2026-03-04 17:18:45.689287+00:00
30,SAR,2026-02-19,USD,40.985619,0.024399,synthetic_random,2026-03-04 17:18:45.689300+00:00
30,SAR,2026-02-20,USD,106.897579,0.009355,synthetic_random,2026-03-04 17:18:45.689324+00:00
30,SAR,2026-02-21,USD,49.626793,0.02015,synthetic_random,2026-03-04 17:18:45.689337+00:00
30,SAR,2026-02-22,USD,42.867523,0.023328,synthetic_random,2026-03-04 17:18:45.689380+00:00
30,SAR,2026-02-23,USD,89.393594,0.011186,synthetic_random,2026-03-04 17:18:45.689400+00:00
30,SAR,2026-02-24,USD,148.493349,0.006734,synthetic_random,2026-03-04 17:18:45.689411+00:00
30,SAR,2026-02-25,USD,121.89892,0.008204,synthetic_random,2026-03-04 17:18:45.689427+00:00
30,SAR,2026-02-26,USD,83.321218,0.012002,synthetic_random,2026-03-04 17:18:45.689437+00:00
30,SAR,2026-02-27,USD,65.595465,0.015245,synthetic_random,2026-03-04 17:18:45.689447+00:00
30,SAR,2026-02-28,USD,51.906074,0.019266,synthetic_random,2026-03-04 17:18:45.689459+00:00
30,SAR,2026-03-01,USD,86.38526,0.011576,synthetic_random,2026-03-04 17:18:45.689469+00:00
30,SAR,2026-03-02,USD,9.5611,0.10459,synthetic_random,2026-03-04 17:18:45.689480+00:00
30,SAR,2026-03-03,USD,110.95848,0.009012,synthetic_random,2026-03-04 17:18:45.689491+00:00
30,SAR,2026-03-04,USD,58.819048,0.017001,synthetic_random,2026-03-04 17:18:45.689502+00:00
